SampleID	Gene	VariantClass
F181121162808-Ge-CLN	ERBB2	Gain
F181121162808-Ge-CLN	MET	Gain
F181121162808-Ge-CLN	EGFR	Gain
F181121162808-Ge-CLN	NKX2-1	Gain
F181121162808-Ge-CLN	CDK12	Gain
F181121162808-Ge-CLN	MCL1	Gain
F181121162808-Ge-CLN	MYC	Gain
F181121162808-Ge-CLN	PTK2	Gain
F181121162808-Ge-CLN	CDKN2A	Loss
F181121162808-Ge-CLN	PTPRD	Loss
F181121162808-Ge-CLN	CDKN2B	Loss
F181121162808-Ge-CLN	RECQL4	Gain
F181121162808-Ge-CLN	PD-L1	Gain
F181121162808-Ge-CLN	IL7R	Gain
F181121162808-Ge-CLN	STMN1	Gain
F181121162808-Ge-CLN	RICTOR	Gain
F181121162808-Ge-CLN	NFE2L2	Gain
F181122162943-CLN-KY665	FGFR1	Gain
F181122162943-CLN-KY665	RICTOR	Gain
F181122162943-CLN-KY665	MDM4	Gain
F181122162943-CLN-KY665	IL7R	Gain
F181123163366-CLN-KY665	CCNE1	Gain
F181123163366-CLN-KY665	CREBBP	Loss
F181123163366-CLN-KY665	CTNNB1	Gain
F181123163366-CLN-KY665	ERBB3	Gain
F181123163366-CLN-KY665	GNAS	Gain
F181123163366-CLN-KY665	TSC2	Loss
F181123163366-CLN-KY665	CDK4	Gain
F181123163366-CLN-KY665	ZNF217	Gain
F181123163602-CLN-KY503	NKX2-1	Gain
F181124163633-Ge-CLN	MYC	Gain
F181124163958-CLN-KY499	RICTOR	Gain
F181124163958-CLN-KY499	SOX2	Gain
F181128164339-Ge-CLN	MCL1	Gain
F181129164877-Ge-CLN	MLH1	Loss
F181201165493-Ge-CLN	MCL1	Gain
F181201165493-Ge-CLN	CDKN2A	Loss
F181201165493-Ge-CLN	PTPRD	Loss
F181201165493-Ge-CLN	TERC	Gain
F181201165493-Ge-CLN	NSD1	Gain
F181207167250-Ge-CLN	MDM2	Gain
F181207167250-Ge-CLN	CDK4	Gain
F181211168172-Ge-CLN	MCL1	Gain
F181211168172-Ge-CLN	TERC	Gain
F181212168389-Ge-CLN	PTPRD	Loss
F181212168389-Ge-CLN	MCL1	Gain
F181212168394-CLN-KY499	MCL1	Gain
F181212168735-Ge-CLN	TP53	Loss
F181212168735-Ge-CLN	AKT2	Gain
F181212168735-Ge-CLN	MCL1	Gain
F181212168735-Ge-CLN	TERC	Gain
F181212168735-Ge-CLN	FAT1	Loss
F181212168735-Ge-CLN	NFE2L2	Gain
F181212168735-Ge-CLN	CDK4	Gain
F181212168735-Ge-CLN	MECOM	Gain
F181212168735-Ge-CLN	AXL	Gain
F181212168735-Ge-CLN	DLL3	Gain
F181212168735-Ge-CLN	GNAS	Gain
F181212168735-Ge-CLN	SOX2	Gain
F181212168735-Ge-CLN	KDM5A	Gain
F181213169038-Ge-CLN	TERT	Gain
F181213169038-Ge-CLN	MCL1	Gain
F181213169038-Ge-CLN	GNAS	Gain
F181214169563-Ge-CLN	PTPRD	Loss
F181214169750-Ge-CLN	CDKN2A	Loss
F181214169750-Ge-CLN	PTPRD	Loss
F181214169750-Ge-CLN	PTK2	Gain
F181214169750-Ge-CLN	MYC	Gain
F181215169896-Ge-CLN	MCL1	Gain
F181218170698-Ge-CLN	AKT1	Gain
F181218170698-Ge-CLN	NCOR1	Loss
F181218170698-Ge-CLN	JAK2	Gain
F181218170698-Ge-CLN	AR	Gain
F181218170698-Ge-CLN	CEBPA	Loss
F181218170698-Ge-CLN	CDKN1B	Loss
F181218170698-Ge-CLN	RICTOR	Gain
F181218170698-Ge-CLN	PD-L1	Gain
F181218170698-Ge-CLN	TTF1	Gain
F181219170966-CLN-KY665	GNAS	Gain
F181219170966-CLN-KY665	CDKN2B	Loss
F181219170966-CLN-KY665	PTPRD	Loss
F181219170966-CLN-KY665	TERT	Gain
F181219170966-CLN-KY665	BMPR1A	Loss
F181222172150-CLN-KY499	MCL1	Gain
F181222172150-CLN-KY499	MYC	Gain
F181222172150-CLN-KY499	STMN1	Gain
F181222172150-CLN-KY499	WT1	Loss
F181222172150-CLN-KY499	PARK2	Loss
F181222172150-CLN-KY499	AMER1	Loss
F181222172150-CLN-KY499	LRP1B	Loss
F181222172150-CLN-KY499	PTPRD	Loss
F181222172150-CLN-KY499	CRKL	Gain
F181222172150-CLN-KY499	NFE2L2	Gain
F181222172150-CLN-KY499	CDK4	Gain
F181222172150-CLN-KY499	MDM4	Gain
F181222172150-CLN-KY499	IL7R	Gain
F181222172150-CLN-KY499	YAP1	Gain
F181222172150-CLN-KY499	FAT1	Loss
F181222172150-CLN-KY499	TERC	Gain
F181222172150-CLN-KY499	NOTCH3	Loss
F181222172150-CLN-KY499	CCND1	Gain
F181226172797-Ge-CLN	CDK4	Gain
F181228173787-CLN	NKX2-1	Gain
F181229173855-Ge-CLN	PTPRD	Loss
F190104174931-Ge-CLN	CDK6	Gain
F190104174931-Ge-CLN	TERT	Gain
F190104174931-Ge-CLN	ABCB1	Gain
F190104174931-Ge-CLN	AURKA	Gain
F190104174931-Ge-CLN	GNAS	Gain
F190104174931-Ge-CLN	HGF	Gain
F190104174931-Ge-CLN	IL7R	Gain
F190104174931-Ge-CLN	NSD1	Gain
F190105175500-CLN	CDKN2B	Loss
F190105175500-CLN	CDK4	Gain
F190105175500-CLN	ERBB3	Gain
F190105175500-CLN	MDM2	Gain
F190105175625-Ge-CLN	MCL1	Gain
F190105175625-Ge-CLN	TERC	Gain
F190106175827-Ge-CLN	AKT2	Gain
F190106175827-Ge-CLN	NCOR1	Loss
F190106175827-Ge-CLN	CCNE1	Gain
F190111176854-Ge-CLN	AKT3	Gain
F190111176854-Ge-CLN	MCL1	Gain
F190111176854-Ge-CLN	MYCL	Gain
F190111176854-Ge-CLN	DDR2	Gain
F190111176854-Ge-CLN	PTK2	Gain
F190111176854-Ge-CLN	MDM4	Gain
F190111176854-Ge-CLN	NTRK1	Gain
F190112177515-CLN-KY499	NKX2-1	Gain
F190112177515-CLN-KY499	CDK6	Gain
F190112177643-Ge-CLN	FGFR1	Gain
F190112177643-Ge-CLN	CCND1	Gain
F190112177643-Ge-CLN	FGF19	Gain
F190116178531-Ge-CLN	ERBB2	Gain
F190116178531-Ge-CLN	CDK12	Gain
F190116178531-Ge-CLN	MYCL	Gain
F190116178531-Ge-CLN	TOP2A	Gain
F190116178531-Ge-CLN	FLT1	Gain
F190116178531-Ge-CLN	VEGFA	Gain
F190116178531-Ge-CLN	FLT3	Gain
F190120179372-Ge-CLN	MCL1	Gain
F190124180600-Ge-CLN	NKX2-1	Gain
F190124180600-Ge-CLN	SOX2	Gain
F190124180600-Ge-CLN	RICTOR	Gain
F190124180600-Ge-CLN	MECOM	Gain
F190124180600-Ge-CLN	MCL1	Gain
F190124180600-Ge-CLN	TERT	Gain
F190124180600-Ge-CLN	IL7R	Gain
F190125180895-Ge-CLN	PTPRD	Loss
F190125180895-Ge-CLN	MCL1	Gain
F190125181092-Ge-CLN	CDKN2A	Loss
F190125181092-Ge-CLN	MYC	Gain
F190126181241-Ge-CLN	MET	Gain
F190126181241-Ge-CLN	EGFR	Gain
F190126181241-Ge-CLN	MCL1	Gain
F190126181241-Ge-CLN	PTPRD	Loss
F190126181241-Ge-CLN	CDK6	Gain
F190126181241-Ge-CLN	AR	Gain
F190126181241-Ge-CLN	BRAF	Gain
F190126181241-Ge-CLN	DDR2	Gain
F190126181241-Ge-CLN	TOP2A	Gain
F190126181241-Ge-CLN	ABCB1	Gain
F190126181241-Ge-CLN	NOTCH2	Gain
F190126181289-CLN-KY499	PTPRD	Loss
F190126181289-CLN-KY499	TOP2A	Gain
F190126181495-Ge-CLN	ZNF217	Gain
F190126181495-Ge-CLN	PTPRD	Loss
F190126181495-Ge-CLN	MCL1	Gain
F190126181495-Ge-CLN	GNAS	Gain
F190127181758-CLN-KY499	CDK4	Gain
F190127181758-CLN-KY499	MDM2	Gain
F190129181963-Ge-CLN	MYC	Gain
F190129181963-Ge-CLN	CDKN2A	Loss
F190130182087-Ge-CLN	MCL1	Gain
F190130182087-Ge-CLN	NKX2-1	Gain
F190130182087-Ge-CLN	CDK4	Gain
F190130182087-Ge-CLN	AR	Gain
F190130182087-Ge-CLN	PTPRD	Loss
F190130182087-Ge-CLN	TERC	Gain
F190130182087-Ge-CLN	MDM2	Gain
F190130182228-Ge-CLN	NKX2-1	Gain
F190130182228-Ge-CLN	MYC	Gain
F190130182228-Ge-CLN	MCL1	Gain
F190130182228-Ge-CLN	ZNF217	Gain
F190130182228-Ge-CLN	PTPRD	Loss
F190130182355-CLN-KY499	MET	Gain
F190130182355-CLN-KY499	KIT	Gain
F190130182355-CLN-KY499	HGF	Gain
F190130182355-CLN-KY499	PD-L1	Gain
F190130182355-CLN-KY499	RICTOR	Gain
F190130182355-CLN-KY499	PDGFRA	Gain
F190130182355-CLN-KY499	MYC	Gain
F190130182355-CLN-KY499	PD-L2	Gain
F190130182355-CLN-KY499	TERC	Gain
F190130182355-CLN-KY499	RECQL4	Gain
F190130182355-CLN-KY499	HRAS	Gain
F190130182355-CLN-KY499	PTK2	Gain
F190130182355-CLN-KY499	MCL1	Gain
F190130182355-CLN-KY499	GNAS	Gain
F190130182355-CLN-KY499	KDM5A	Gain
F190130182355-CLN-KY499	ZNF217	Gain
F190131182479-Ge-CLN	EGFR	Gain
F190131182479-Ge-CLN	MCL1	Gain
F190131182479-Ge-CLN	NKX2-1	Gain
F190131182610-CLN-KY499	MET	Gain
F190131182610-CLN-KY499	TP53	Loss
F190131182610-CLN-KY499	CCNE1	Gain
F190131182610-CLN-KY499	TERC	Gain
F190131182610-CLN-KY499	SOX2	Gain
F190131182610-CLN-KY499	MYC	Gain
F190131182610-CLN-KY499	PTK2	Gain
F190131182610-CLN-KY499	TERT	Gain
F190131182610-CLN-KY499	MCL1	Gain
F190131182610-CLN-KY499	NBN	Loss
F190131182610-CLN-KY499	PIK3CA	Gain
F190131182610-CLN-KY499	CHEK2	Loss
F190131182610-CLN-KY499	RECQL4	Gain
F190131182610-CLN-KY499	PTPRD	Loss
F190131182610-CLN-KY499	MECOM	Gain
F190131182610-CLN-KY499	NTRK1	Gain
F190131182610-CLN-KY499	DDR2	Gain
F190131182610-CLN-KY499	PDGFRB	Gain
F190131182610-CLN-KY499	CDKN2A	Loss
F190131182610-CLN-KY499	VEGFA	Gain
F190131182610-CLN-KY499	CSF1R	Gain
F190131182610-CLN-KY499	TOP2A	Gain
F190201182844-Ge-CLN	CDK4	Gain
F190201182844-Ge-CLN	AR	Gain
F190201182856-Ge-CLN	MDM2	Gain
F190202183328-Ge-CLN	EGFR	Gain
F190202183337-CLN	MCL1	Gain
F190202183337-CLN	KIT	Gain
F190203183502-CLN-KY667	MYC	Gain
F190203183502-CLN-KY667	PTK2	Gain
F190203183502-CLN-KY667	BRCA1	Loss
F190203183502-CLN-KY667	NCOR1	Loss
F190203183502-CLN-KY667	RECQL4	Gain
F190203183502-CLN-KY667	GNAS	Gain
F190203183502-CLN-KY667	CHEK2	Loss
F190203183502-CLN-KY667	NTRK1	Gain
F190203183502-CLN-KY667	MTOR	Gain
F190203183502-CLN-KY667	SRC	Gain
F190203183502-CLN-KY667	STK11	Loss
F190203183502-CLN-KY667	CCND1	Gain
F190203183502-CLN-KY667	ZNF217	Gain
F190203183502-CLN-KY667	SMO	Gain
F190203183502-CLN-KY667	FGF19	Gain
F190211183630-Ge-CLN	MECOM	Gain
F190211183630-Ge-CLN	TERC	Gain
F190211183630-Ge-CLN	RICTOR	Gain
F190212183762-Ge-CLN	MDM2	Gain
F190212183762-Ge-CLN	CDK4	Gain
F190213183954-Ge-CLN	AKT3	Gain
F190213183954-Ge-CLN	MCL1	Gain
F190213183954-Ge-CLN	PTPRD	Loss
F190213183954-Ge-CLN	DDR2	Gain
F190213183954-Ge-CLN	MDM4	Gain
F190213183954-Ge-CLN	NTRK1	Gain
F190214184153-Ge-CLN	GNAS	Gain
F190214184153-Ge-CLN	NOTCH1	Loss
F190214184153-Ge-CLN	MDM2	Gain
F190214184275-CLN-K736	EGFR	Gain
F190214184275-CLN-K736	MYC	Gain
F190214184275-CLN-K736	PTK2	Gain
F190214184275-CLN-K736	MCL1	Gain
F190214184275-CLN-K736	NKX2-1	Gain
F190214184275-CLN-K736	RECQL4	Gain
F190214184275-CLN-K736	NOTCH3	Loss
F190216184834-Ge-CLN	MET	Gain
F190216184834-Ge-CLN	MCL1	Gain
F190216184834-Ge-CLN	MYC	Gain
F190216184834-Ge-CLN	PARK2	Loss
F190216184834-Ge-CLN	PTPRD	Loss
F190216184834-Ge-CLN	TERC	Gain
F190216184834-Ge-CLN	CDK6	Gain
F190216184834-Ge-CLN	CDK4	Gain
F190216184834-Ge-CLN	NFE2L2	Gain
F190216184834-Ge-CLN	YAP1	Gain
F190216184834-Ge-CLN	PTK2	Gain
F190216184834-Ge-CLN	NKX2-1	Gain
F190216184834-Ge-CLN	AMER1	Loss
F190216184834-Ge-CLN	IL7R	Gain
F190216184834-Ge-CLN	RECQL4	Gain
F190216184834-Ge-CLN	STMN1	Gain
F190219185677-CLN-KY616	PTPRD	Loss
F190219185677-CLN-KY616	MCL1	Gain
F190221186268-CLN-K696	EGFR	Gain
F190222186882-Ge-CLN	MCL1	Gain
F190222186882-Ge-CLN	IGF1R	Gain
F190222186899-Ge-CLN	PD-L1	Gain
F190222186899-Ge-CLN	RECQL4	Gain
F190222186899-Ge-CLN	CDKN2A	Loss
F190222186899-Ge-CLN	PTK2	Gain
F190222186899-Ge-CLN	PD-L2	Gain
F190222186899-Ge-CLN	TERT	Gain
F190223187049-Ge-CLN	EGFR	Gain
F190223187049-Ge-CLN	MDM2	Gain
F190223187049-Ge-CLN	CDK4	Gain
F190223187049-Ge-CLN	KRAS	Gain
F190223187049-Ge-CLN	PTPRD	Loss
F190223187049-Ge-CLN	MCL1	Gain
F190223187049-Ge-CLN	IL7R	Gain
F190223187049-Ge-CLN	KDM5A	Gain
F190225187646-Ge-CLN	CDKN2A	Loss
F190225187646-Ge-CLN	PTK2	Gain
F190226187901-CLN-KY665	EGFR	Gain
F190226187901-CLN-KY665	ZNF217	Gain
F190226187901-CLN-KY665	GNAS	Gain
F190226187901-CLN-KY665	AURKA	Gain
F190226187901-CLN-KY665	SOX2	Gain
F190226187901-CLN-KY665	MECOM	Gain
F190226187901-CLN-KY665	TERC	Gain
F190226187901-CLN-KY665	PIK3CA	Gain
F190226187928-Ge-CLN	PTPRD	Loss
F190226187928-Ge-CLN	MCL1	Gain
F190226187928-Ge-CLN	KDM5A	Gain
F190228188876-Ge-CLN	CDKN2A	Loss
F190228188876-Ge-CLN	MCL1	Gain
F190301189227-Ge-CLN	CCNE1	Gain
F190301189227-Ge-CLN	MCL1	Gain
F190301189227-Ge-CLN	NKX2-1	Gain
F190303189791-Ge-CLN	PTPRD	Loss
F190303189791-Ge-CLN	MCL1	Gain
F190303189791-Ge-CLN	ZNF217	Gain
F190303189791-Ge-CLN	IL7R	Gain
F190303189911-CLN	EGFR	Gain
F190306190326-Ge-CLN	EGFR	Gain
F190306190326-Ge-CLN	PD-L1	Gain
F190306190326-Ge-CLN	MCL1	Gain
F190306190326-Ge-CLN	JAK2	Gain
F190306190326-Ge-CLN	PD-L2	Gain
F190306190326-Ge-CLN	KRAS	Gain
F190306190326-Ge-CLN	AURKB	Gain
F190306190336-CLN-K736	CRKL	Gain
F190306190336-CLN-K736	PTPRD	Loss
F190306190401-Ge-CLN	EGFR	Gain
F190306190572-CLN-K736	EGFR	Gain
F190306190572-CLN-K736	MCL1	Gain
F190306190572-CLN-K736	TERT	Gain
F190307190708-Ge-CLN	PTPRD	Loss
F190307190959-CLN-K736	TERT	Gain
F190307190959-CLN-K736	AURKA	Gain
F190307190959-CLN-K736	ZNF217	Gain
F190307190959-CLN-K736	RET	Gain
F190307190959-CLN-K736	MYC	Gain
F190307190959-CLN-K736	IL7R	Gain
F190307190959-CLN-K736	GNAS	Gain
F190307190959-CLN-K736	BMPR1A	Loss
F190307190959-CLN-K736	RICTOR	Gain
F190307190959-CLN-K736	SRC	Gain
F190308191075-Ge-CLN	PD-L1	Gain
F190308191075-Ge-CLN	PD-L2	Gain
F190308191075-Ge-CLN	RICTOR	Gain
F190308191075-Ge-CLN	KDM5A	Gain
F190308191075-Ge-CLN	TERT	Gain
F190308191075-Ge-CLN	IL7R	Gain
F190308191075-Ge-CLN	VEGFA	Gain
F190308191075-Ge-CLN	MCL1	Gain
F190308191243-Ge-CLN	MYC	Gain
F190308191243-Ge-CLN	PTPRD	Loss
F190308191243-Ge-CLN	GNAS	Gain
F190308191243-Ge-CLN	CCNE1	Gain
F190308191243-Ge-CLN	ZNF217	Gain
F190308191243-Ge-CLN	PIK3R2	Gain
F190308191243-Ge-CLN	IL7R	Gain
F190308191243-Ge-CLN	AURKA	Gain
F190308191243-Ge-CLN	TOP1	Gain
F190308191243-Ge-CLN	RICTOR	Gain
F190308191373-Ge-CLN	PIK3R2	Gain
F190308191373-Ge-CLN	MCL1	Gain
F190308191373-Ge-CLN	RICTOR	Gain
F190308191373-Ge-CLN	BRD4	Gain
F190308191380-CLN-K736-RT	RICTOR	Gain
F190309191484-Ge-CLN	CDKN2A	Loss
F190309191484-Ge-CLN	NCOR1	Loss
F190309191484-Ge-CLN	CDKN2B	Loss
F190309191484-Ge-CLN	PTK2	Gain
F190309191484-Ge-CLN	MYC	Gain
F190309191637-Ge-CLN	PTPRD	Loss
F190310191995-CLN-KY287	MCL1	Gain
F190310191995-CLN-KY287	PTPRD	Loss
F190310191995-CLN-KY287	NFE2L2	Gain
F190310191995-CLN-KY287	MYC	Gain
F190310191995-CLN-KY287	TERC	Gain
F190313192576-Ge-CLN	AKT3	Gain
F190313192576-Ge-CLN	EGFR	Gain
F190313192576-Ge-CLN	MCL1	Gain
F190313192576-Ge-CLN	BRAF	Gain
F190313192598-Ge-CLN	EGFR	Gain
F190313192598-Ge-CLN	MYC	Gain
F190313192598-Ge-CLN	PTPRD	Loss
F190314192815-Ge-CLN	PTPRD	Loss
F190314192815-Ge-CLN	MDM2	Gain
F190314192815-Ge-CLN	KRAS	Gain
F190314192815-Ge-CLN	PTK2	Gain
F190314192815-Ge-CLN	KDM5A	Gain
F190314192815-Ge-CLN	CRKL	Gain
F190314192815-Ge-CLN	ERBB3	Gain
F190314192937-Ge-CLN	ERBB2	Gain
F190314192937-Ge-CLN	AKT3	Gain
F190314192937-Ge-CLN	TERT	Gain
F190314192937-Ge-CLN	GNAS	Gain
F190314192937-Ge-CLN	RICTOR	Gain
F190314192937-Ge-CLN	TSC2	Loss
F190314192937-Ge-CLN	POLD1	Loss
F190314192937-Ge-CLN	PTPRD	Loss
F190314192937-Ge-CLN	MCL1	Gain
F190314192937-Ge-CLN	CCNE1	Gain
F190314192937-Ge-CLN	DDR2	Gain
F190314192937-Ge-CLN	CDK12	Gain
F190314192937-Ge-CLN	PTK2	Gain
F190314192937-Ge-CLN	SMARCB1	Loss
F190314192968-Ge-CLN	MCL1	Gain
F190314193087-Ge-CLN	EGFR	Gain
F190314193087-Ge-CLN	PTPRD	Loss
F190315193454-CLN-K736	AR	Gain
F190315193454-CLN-K736	IL7R	Gain
F190315193454-CLN-K736	NKX2-1	Gain
F190315193454-CLN-K736	CCND1	Gain
F190315193454-CLN-K736	YAP1	Gain
F190315193454-CLN-K736	PDGFRB	Gain
F190315193454-CLN-K736	CSF1R	Gain
F190315193454-CLN-K736	RICTOR	Gain
F190315193454-CLN-K736	TERT	Gain
F190316193784-Ge-CLN	GNAS	Gain
F190316193784-Ge-CLN	PTPRD	Loss
F190316193784-Ge-CLN	TERT	Gain
F190316193784-Ge-CLN	AURKA	Gain
F190319194349-CLN-K736	MET	Gain
F190319194349-CLN-K736	EGFR	Gain
F190319194349-CLN-K736	TERT	Gain
F190319194349-CLN-K736	CDKN2A	Loss
F190319194349-CLN-K736	CDKN2B	Loss
F190319194349-CLN-K736	CDK6	Gain
F190319194349-CLN-K736	MYC	Gain
F190319194349-CLN-K736	PD-L1	Gain
F190320194564-Ge-CLN	EGFR	Gain
F190320194564-Ge-CLN	TERT	Gain
F190320194564-Ge-CLN	PTPRD	Loss
F190320194564-Ge-CLN	MCL1	Gain
F190320194585-CLN-K696	TERT	Gain
F190320194585-CLN-K696	PTPRD	Loss
F190320194585-CLN-K696	MCL1	Gain
F190320194585-CLN-K696	ZNF217	Gain
F190320194585-CLN-K696	MDM2	Gain
F190320194585-CLN-K696	GNAS	Gain
F190320194773-Ge-CLN	MDM2	Gain
F190320194773-Ge-CLN	CDK4	Gain
F190320194773-Ge-CLN	ERBB3	Gain
F190320194773-Ge-CLN	VEGFA	Gain
F190320194773-Ge-CLN	PTPRD	Loss
F190320194773-Ge-CLN	STK11	Loss
F190321194853-Ge-CLN	FGFR1	Gain
F190321194853-Ge-CLN	MYC	Gain
F190321194853-Ge-CLN	ZNF703	Gain
F190321194853-Ge-CLN	MLH1	Loss
F190321194853-Ge-CLN	GNAS	Gain
F190321194853-Ge-CLN	MCL1	Gain
F190321194853-Ge-CLN	NRAS	Gain
F190321194853-Ge-CLN	ZNF217	Gain
F190321194853-Ge-CLN	BCL2	Gain
F190321194853-Ge-CLN	MDM4	Gain
F190321194853-Ge-CLN	TOP2A	Gain
F190321195093-Ge-CLN	PTK2	Gain
F190321195093-Ge-CLN	MCL1	Gain
F190322195204-Ge-CLN	ZNF703	Gain
F190322195204-Ge-CLN	PTEN	Loss
F190322195204-Ge-CLN	PTPRD	Loss
F190322195204-Ge-CLN	MYC	Gain
F190322195246-Ge-CLN	MCL1	Gain
F190322195246-Ge-CLN	CCNE1	Gain
F190322195246-Ge-CLN	ZNF217	Gain
F190322195246-Ge-CLN	MYC	Gain
F190322195246-Ge-CLN	GNAS	Gain
F190322195246-Ge-CLN	AMER1	Loss
F190322195246-Ge-CLN	TERC	Gain
F190322195246-Ge-CLN	AURKA	Gain
F190322195246-Ge-CLN	CDK4	Gain
F190322195246-Ge-CLN	NFE2L2	Gain
F190322195246-Ge-CLN	ZNF703	Gain
F190322195261-Ge-CLN	ZNF217	Gain
F190322195261-Ge-CLN	GNAS	Gain
F190322195261-Ge-CLN	MAP2K1	Gain
F190322195261-Ge-CLN	RICTOR	Gain
F190322195261-Ge-CLN	IL7R	Gain
F190322195300-Ge-CLN	EGFR	Gain
F190322195300-Ge-CLN	MCL1	Gain
F190322195300-Ge-CLN	NKX2-1	Gain
F190322195300-Ge-CLN	CDKN2A	Loss
F190322195300-Ge-CLN	ZNF217	Gain
F190322195300-Ge-CLN	GNAS	Gain
F190322195300-Ge-CLN	DDR2	Gain
F190322195300-Ge-CLN	CDK6	Gain
F190322195300-Ge-CLN	AMER1	Loss
F190322195527-Ge-CLN	CEBPA	Loss
F190323195612-Ge-CLN	EGFR	Gain
F190323195612-Ge-CLN	PTPRD	Loss
F190323195612-Ge-CLN	CDKN2B	Loss
F190324196137-Ge-CLN	ZNF217	Gain
F190324196137-Ge-CLN	GNAS	Gain
F190326196318-CLN-K736	TERT	Gain
F190327196676-CLN-KY287	ERBB2	Gain
F190327196676-CLN-KY287	CDK12	Gain
F190327196676-CLN-KY287	MCL1	Gain
F190327196676-CLN-KY287	PTPRD	Loss
F190327196676-CLN-KY287	TERC	Gain
F190329197449-Ge-CLN	AKT3	Gain
F190329197449-Ge-CLN	MECOM	Gain
F190329197449-Ge-CLN	PD-L1	Gain
F190329197449-Ge-CLN	MCL1	Gain
F190329197449-Ge-CLN	TERC	Gain
F190329197449-Ge-CLN	DDR2	Gain
F190329197449-Ge-CLN	RICTOR	Gain
F190329197449-Ge-CLN	IL7R	Gain
F190329197449-Ge-CLN	PD-L2	Gain
F190330197772-Ge-CLN	MYC	Gain
F190330197772-Ge-CLN	CDK6	Gain
F190330197772-Ge-CLN	TERC	Gain
F190330197772-Ge-CLN	MCL1	Gain
F190330197772-Ge-CLN	SOX2	Gain
F190330197790-Ge-CLN	IL7R	Gain
F190330197790-Ge-CLN	RICTOR	Gain
F190330197790-Ge-CLN	TERT	Gain
F190330197790-Ge-CLN	FBXW7	Loss
F190330197790-Ge-CLN	CDK8	Gain
F190330197790-Ge-CLN	FLT1	Gain
F190330197790-Ge-CLN	GNAS	Gain
F190330197790-Ge-CLN	TOP1	Gain
F190331198257-Ge-CLN	CEBPA	Loss
F190331198257-Ge-CLN	JAK1	Gain
F190331198280-CLN	EGFR	Gain
F190331198280-CLN	VEGFA	Gain
F190402198584-Ge-CLN	MET	Gain
F190402198584-Ge-CLN	TP53	Loss
F190402198584-Ge-CLN	NKX2-1	Gain
F190402198584-Ge-CLN	PTPRD	Loss
F190402198584-Ge-CLN	MYC	Gain
F190402198584-Ge-CLN	ESR1	Gain
F190402198584-Ge-CLN	CDK6	Gain
F190403198640-Ge-CLN	MCL1	Gain
F190403198720-Ge-CLN	NKX2-1	Gain
F190403198720-Ge-CLN	KRAS	Gain
F190403198720-Ge-CLN	YAP1	Gain
F190403198720-Ge-CLN	CDKN2A	Loss
F190403198720-Ge-CLN	MCL1	Gain
F190403198759-Ge-CLN	MCL1	Gain
F190403198759-Ge-CLN	MDM4	Gain
F190403198859-CLN-KY370	TERC	Gain
F190403198859-CLN-KY370	SOX2	Gain
F190403198859-CLN-KY370	MCL1	Gain
F190403198859-CLN-KY370	MYC	Gain
F190403198859-CLN-KY370	NFE2L2	Gain
F190403198859-CLN-KY370	MECOM	Gain
F190403198976-CLN-KY287	EGFR	Gain
F190403198976-CLN-KY287	CDK6	Gain
F190403198976-CLN-KY287	MCL1	Gain
F190404199507-Ge-CLN	AKT3	Gain
F190404199507-Ge-CLN	EGFR	Gain
F190404199507-Ge-CLN	RICTOR	Gain
F190404199507-Ge-CLN	MCL1	Gain
F190404199507-Ge-CLN	IL7R	Gain
F190404199507-Ge-CLN	FGF19	Gain
F190404199507-Ge-CLN	NCOR1	Loss
F190404199507-Ge-CLN	CCND1	Gain
F190404199507-Ge-CLN	NKX2-1	Gain
F190404199507-Ge-CLN	MDM2	Gain
F190404199507-Ge-CLN	TERT	Gain
F190404199507-Ge-CLN	DDR2	Gain
F190405199722-Ge-CLN	CCND1	Gain
F190406200120-CLN-K736	RPTOR	Gain
F190407200319-Ge-CLN	MYCL	Gain
F190407200319-Ge-CLN	SMAD4	Loss
F190410200741-Ge-CLN	TERT	Gain
F190410200741-Ge-CLN	DDR2	Gain
F190410200741-Ge-CLN	MDM4	Gain
F190410200741-Ge-CLN	MCL1	Gain
F190411200980-CLN	EGFR	Gain
F190411200980-CLN	MYC	Gain
F190411201085-CLN	RICTOR	Gain
F190411201085-CLN	IL7R	Gain
F190411201085-CLN	TERT	Gain
F190412201369-Ge-CLN	TERT	Gain
F190412201369-Ge-CLN	MCL1	Gain
F190412201369-Ge-CLN	APC	Loss
F190412201369-Ge-CLN	RPTOR	Gain
F190412201480-Ge-CLN	IL7R	Gain
F190412201670-CLN-K746-K736	MCL1	Gain
F190413201985-Ge-CLN	EGFR	Gain
F190413201985-Ge-CLN	TERT	Gain
F190414202511-YH155-Ge-CLN	PTPRD	Loss
F190414202511-YH155-Ge-CLN	MCL1	Gain
F190414202511-YH155-Ge-CLN	TERC	Gain
F190414202511-YH155-Ge-CLN	NFE2L2	Gain
F190416202682-Ge-CLN	EGFR	Gain
F190416202682-Ge-CLN	ZNF217	Gain
F190416202813-Ge-CLN	MCL1	Gain
F190416202813-Ge-CLN	MDM4	Gain
F190416202813-Ge-CLN	CDKN2A	Loss
F190416202813-Ge-CLN	DDR2	Gain
F190416202813-Ge-CLN	CDKN2B	Loss
F190417203304-Ge-CLN	FLT3	Gain
F190417203304-Ge-CLN	FLT1	Gain
F190417203304-Ge-CLN	CDK8	Gain
F190417203304-Ge-CLN	RECQL4	Gain
F190417203304-Ge-CLN	MYC	Gain
F190417203304-Ge-CLN	PTK2	Gain
F190417203346-CLN	LRP1B	Loss
F190417203346-CLN	MCL1	Gain
F190417203346-CLN	TERT	Gain
F190417203346-CLN	PTPRD	Loss
F190417203346-CLN	PDGFRB	Gain
F190417203346-CLN	NSD1	Gain
F190417203346-CLN	IL7R	Gain
F190417203346-CLN	CSF1R	Gain
F190417203346-CLN	RICTOR	Gain
F190418203368-CLN-K764	HGF	Gain
F190418203368-CLN-K764	GNAS	Gain
F190418203421-Ge-CLN	NKX2-1	Gain
F190418203421-Ge-CLN	GNAS	Gain
F190418203421-Ge-CLN	MCL1	Gain
F190418203421-Ge-CLN	STMN1	Gain
F190418203421-Ge-CLN	RPTOR	Gain
F190418203421-Ge-CLN	NFE2L2	Gain
F190418203472-Ge-CLN	CDKN2B	Loss
F190418203520-Ge-CLN	MCL1	Gain
F190420204381-Ge-CLN	MCL1	Gain
F190421205013-CLN	GNAS	Gain
F190421205013-CLN	VEGFA	Gain
F190421205013-CLN	KIT	Gain
F190421205013-CLN	ZNF217	Gain
F190424205702-Ge-CLN	MCL1	Gain
F190424205702-Ge-CLN	VEGFA	Gain
F190425206061-Ge-CLN	EGFR	Gain
F190425206061-Ge-CLN	MCL1	Gain
F190425206061-Ge-CLN	MYC	Gain
F190425206061-Ge-CLN	PTK2	Gain
F190425206061-Ge-CLN	NOTCH2	Gain
F190425206061-Ge-CLN	NKX2-1	Gain
F190425206061-Ge-CLN	RECQL4	Gain
F190425206080-Ge-CLN	MET	Gain
F190425206080-Ge-CLN	MDM2	Gain
F190425206080-Ge-CLN	CCND1	Gain
F190425206080-Ge-CLN	FGF19	Gain
F190426206782-CLN-KY287	MCL1	Gain
F190427206903-Ge-CLN	TERC	Gain
F190427206903-Ge-CLN	CRKL	Gain
F190427206903-Ge-CLN	VEGFA	Gain
F190427206903-Ge-CLN	MECOM	Gain
F190427206903-Ge-CLN	CDKN2A	Loss
F190427206903-Ge-CLN	PTPRD	Loss
F190427206903-Ge-CLN	FGF19	Gain
F190427206903-Ge-CLN	TERT	Gain
F190427206903-Ge-CLN	GNAS	Gain
F190427206903-Ge-CLN	HGF	Gain
F190427206903-Ge-CLN	CDKN2B	Loss
F190427206903-Ge-CLN	STK11	Loss
F190427206903-Ge-CLN	PTK2	Gain
F190427206903-Ge-CLN	RICTOR	Gain
F190427206903-Ge-CLN	ZNF217	Gain
F190427206903-Ge-CLN	RPTOR	Gain
F190427206903-Ge-CLN	AURKB	Gain
F190428207407-Ge-CLN	MCL1	Gain
F190428207407-Ge-CLN	NSD1	Gain
F190428207407-Ge-CLN	PTPRD	Loss
F190430207564-Ge-CLN	MCL1	Gain
F190430207564-Ge-CLN	CEBPA	Loss
F190430207665-CLN-KY665	MCL1	Gain
F190430207665-CLN-KY665	AR	Gain
F190430207794-Ge-CLN	DDR2	Gain
F190430207794-Ge-CLN	STK11	Loss
F190430207794-Ge-CLN	RICTOR	Gain
F190430207813-YH155-Ge-CLN	TERT	Gain
F190501208181-Ge-CLN	EGFR	Gain
F190501208181-Ge-CLN	CDK6	Gain
F190501208181-Ge-CLN	MYC	Gain
F190501208181-Ge-CLN	ZNF217	Gain
F190501208181-Ge-CLN	MCL1	Gain
F190501208181-Ge-CLN	HGF	Gain
F190501208181-Ge-CLN	GNAS	Gain
F190502208602-Ge-CLN	CCNE1	Gain
F190502208602-Ge-CLN	MCL1	Gain
F190506208835-CLN-K693	MYC	Gain
F190506208902-Ge-CLN	MCL1	Gain
F190506208902-Ge-CLN	MDM4	Gain
F190507209078-Ge-CLN	MYC	Gain
F190507209078-Ge-CLN	CEBPA	Loss
F190507209171-CLN	ERBB2	Gain
F190507209171-CLN	MCL1	Gain
F190507209215-Ge-CLN	AKT2	Gain
F190507209215-Ge-CLN	MCL1	Gain
F190507209215-Ge-CLN	DLL3	Gain
F190507209215-Ge-CLN	CCNE1	Gain
F190509209756-Ge-CLN	CEBPA	Loss
F190509209756-Ge-CLN	MCL1	Gain
F190509210055-Ge-CLN	MYC	Gain
F190509210055-Ge-CLN	IL7R	Gain
F190510210295-Ge-CLN	MET	Gain
F190510210295-Ge-CLN	AKT3	Gain
F190510210295-Ge-CLN	MDM2	Gain
F190510210295-Ge-CLN	ZNF217	Gain
F190510210295-Ge-CLN	RECQL4	Gain
F190510210295-Ge-CLN	PTK2	Gain
F190510210295-Ge-CLN	MYC	Gain
F190510210295-Ge-CLN	NTRK1	Gain
F190510210295-Ge-CLN	MDM4	Gain
F190510210295-Ge-CLN	DDR2	Gain
F190510210453-Ge-CLN	MCL1	Gain
F190510210453-Ge-CLN	TERC	Gain
FA195F0266-A3A7AA3XBF1-A001L000	EGFR	Gain
FA19660139-A3A7AA3XKF1-A001L000	FLT4	Gain
FA19660139-A3A7AA3XKF1-A001L000	CCND1	Gain
FA19660139-A3A7AA3XKF1-A001L000	FGFR4	Gain
FA19660139-A3A7AA3XKF1-A001L000	FGF19	Gain
FA196C0130-A3A7AA9XKF1-A001L000	MET	Gain
FA196C0130-A3A7AA9XKF1-A001L000	AKT2	Gain
FA196C0130-A3A7AA9XKF1-A001L000	MYC	Gain
FA197C0195-A3A7AA7XKF1-A001L000	AKT1	Gain
FA197C0195-A3A7AA7XKF1-A001L000	NKX2-1	Gain
FA197C0195-A3A7AA7XKF1-A001L000	ZNF217	Gain
FA197C0195-A3A7AA7XKF1-A001L000	MCL1	Gain
FA197C0195-A3A7AA7XKF1-A001L000	VEGFA	Gain
FA197C0195-A3A7AA7XKF1-A001L000	DDR2	Gain
FB195A0131-A3A7AA6XBF1-A001L000	CDKN2A	Loss
FB195A0298-A3A7AA6XBF1-A001L000	TP53	Loss
FB195A0298-A3A7AA6XBF1-A001L000	EGFR	Gain
FB195A0298-A3A7AA6XBF1-A001L000	CCNE1	Gain
FB195A0298-A3A7AA6XBF1-A001L000	TERT	Gain
FB195A0298-A3A7AA6XBF1-A001L000	SDHB	Loss
FB195A0298-A3A7AA6XBF1-A001L000	NCOR1	Loss
FB195A0298-A3A7AA6XBF1-A001L000	FGFR4	Gain
FB195A0298-A3A7AA6XBF1-A001L000	NSD1	Gain
FB195A0298-A3A7AA6XBF1-A001L000	RICTOR	Gain
FB195A0298-A3A7AA6XBF1-A001L000	IL7R	Gain
FB195A0298-A3A7AA6XBF1-A001L000	FLT4	Gain
FB195A0298-A3A7AA6XBF1-A001L000	RECQL4	Gain
FB195D0067-A3A7AA2XBF1-A001L000K736	FLT4	Gain
FB195D0067-A3A7AA2XBF1-A001L000K736	NSD1	Gain
FB195D0067-A3A7AA2XBF1-A001L000K736	RRM1	Gain
FB195D0067-A3A7AA2XBF1-A001L000K736	IGF2	Gain
FB195D0067-A3A7AA2XBF1-A001L000K736	HRAS	Gain
FB195D0067-A3A7AA2XBF1-A001L000K736	CSF1R	Gain
FB195D0067-A3A7AA2XBF1-A001L000K736	NCOR1	Loss
FB195D0067-A3A7AA2XBF1-A001L000K736	NKX2-1	Gain
FB195D0067-A3A7AA2XBF1-A001L000K736	PDGFRB	Gain
FB195D0143-A3A7AA2XBF1-A001L000	NKX2-1	Gain
FB195D0143-A3A7AA2XBF1-A001L000	BMPR1A	Loss
FB195D0143-A3A7AA2XBF1-A001L000	MCL1	Gain
FB195D0143-A3A7AA2XBF1-A001L000	IL7R	Gain
FB195D0143-A3A7AA2XBF1-A001L000	FLT4	Gain
FB195D0143-A3A7AA2XBF1-A001L000	SOX2	Gain
FB195D0143-A3A7AA2XBF1-A001L000	FGFR4	Gain
FB195E0176-A3A7AA8XBF1-A001L000	EGFR	Gain
FB195E0176-A3A7AA8XBF1-A001L000	MYC	Gain
FB195E0176-A3A7AA8XBF1-A001L000	NKX2-1	Gain
FB195E0176-A3A7AA8XBF1-A001L000	TERT	Gain
FB195E0176-A3A7AA8XBF1-A001L000	TUBB3	Gain
FB195E0176-A3A7AA8XBF1-A001L000	PTK2	Gain
FB195E0176-A3A7AA8XBF1-A001L000	FGF19	Gain
FB195E0176-A3A7AA8XBF1-A001L000	RECQL4	Gain
FB195E0176-A3A7AA8XBF1-A001L000	IL7R	Gain
FB195E0176-A3A7AA8XBF1-A001L000	TGFBR2	Loss
FB195E0176-A3A7AA8XBF1-A001L000	RICTOR	Gain
FB195F0323-A3A7AA3XBF1-A001L000	TERT	Gain
FB195F0323-A3A7AA3XBF1-A001L000	VEGFA	Gain
FB195F0323-A3A7AA3XBF1-A001L000	TGFBR2	Loss
FB195F0323-A3A7AA3XBF1-A001L000	AURKA	Gain
FB195F0323-A3A7AA3XBF1-A001L000	IL7R	Gain
FB195F0323-A3A7AA3XBF1-A001L000	ZNF217	Gain
FB195F0323-A3A7AA3XBF1-A001L000	MDM4	Gain
FB195H0128-A3A7AA1XBF1-A001L000K736	CDK4	Gain
FB195H0128-A3A7AA1XBF1-A001L000K736	MDM2	Gain
FB195H0128-A3A7AA1XBF1-A001L000K736	NKX2-1	Gain
FB195H0128-A3A7AA1XBF1-A001L000K736	GNAS	Gain
FB195H0128-A3A7AA1XBF1-A001L000K736	ZNF217	Gain
FB195H0128-A3A7AA1XBF1-A001L000K736	CHEK2	Loss
FB195H0128-A3A7AA1XBF1-A001L000K736	AURKA	Gain
FB195H0128-A3A7AA1XBF1-A001L000K736	CEBPA	Loss
FB195H0128-A3A7AA1XBF1-A001L000K736	PIK3CA	Gain
FB195H0128-A3A7AA1XBF1-A001L000K736	VEGFA	Gain
FB195H0171-A3A7AA1XBF1-A001L000	ZNF703	Gain
FB195H0171-A3A7AA1XBF1-A001L000	MYC	Gain
FB195H0297-A3A7AA1XBF1-A001L000	MYC	Gain
FB195H0297-A3A7AA1XBF1-A001L000	CDKN2A	Loss
FB195H0297-A3A7AA1XBF1-A001L000	CDKN2B	Loss
FB195L0117-A3A7AA3XBF1-A001L000	MCL1	Gain
FB195L0192-A3A7AA3XBF1-A001L000	MYC	Gain
FB195L0192-A3A7AA3XBF1-A001L000	ZNF703	Gain
FB195L0192-A3A7AA3XBF1-A001L000	CDKN2A	Loss
FB195L0192-A3A7AA3XBF1-A001L000	CDKN2B	Loss
FB195L0192-A3A7AA3XBF1-A001L000	RECQL4	Gain
FB195L0192-A3A7AA3XBF1-A001L000	CDK4	Gain
FB195L0192-A3A7AA3XBF1-A001L000	PTK2	Gain
FB195L0192-A3A7AA3XBF1-A001L000	KRAS	Gain
FB195L0192-A3A7AA3XBF1-A001L000	PTPRD	Loss
FB195L0192-A3A7AA3XBF1-A001L000	HRAS	Gain
FB195L0192-A3A7AA3XBF1-A001L000	TERC	Gain
FB195L0192-A3A7AA3XBF1-A001L000	ERBB3	Gain
FB195M0020-A3A7AA8XBF1-A001L000	AKT2	Gain
FB195M0020-A3A7AA8XBF1-A001L000	EGFR	Gain
FB195M0020-A3A7AA8XBF1-A001L000	PTK2	Gain
FB195M0020-A3A7AA8XBF1-A001L000	AXL	Gain
FB195M0020-A3A7AA8XBF1-A001L000	CCNE1	Gain
FB195M0020-A3A7AA8XBF1-A001L000	IL7R	Gain
FB195M0020-A3A7AA8XBF1-A001L000	TERT	Gain
FB195M0020-A3A7AA8XBF1-A001L000	MYC	Gain
FB195M0020-A3A7AA8XBF1-A001L000	RICTOR	Gain
FB195M0287-A3A7AA2XBF1-A001L000	MET	Gain
FB195M0287-A3A7AA2XBF1-A001L000	TERC	Gain
FB195M0287-A3A7AA2XBF1-A001L000	NKX2-1	Gain
FB195M0287-A3A7AA2XBF1-A001L000	APC	Loss
FB195M0287-A3A7AA2XBF1-A001L000	MLH1	Loss
FB195M0287-A3A7AA2XBF1-A001L000	CDKN2B	Loss
FB195M0287-A3A7AA2XBF1-A001L000	CDKN2A	Loss
FB195M0287-A3A7AA2XBF1-A001L000	MECOM	Gain
FB195M0287-A3A7AA2XBF1-A001L000	WT1	Loss
FB195M0287-A3A7AA2XBF1-A001L000	PTPRD	Loss
FB195M0287-A3A7AA2XBF1-A001L000	RICTOR	Gain
FB195M0287-A3A7AA2XBF1-A001L000	MCL1	Gain
FB195M0287-A3A7AA2XBF1-A001L000	TGFBR2	Loss
FB195M0287-A3A7AA2XBF1-A001L000	STMN1	Gain
FB195M0287-A3A7AA2XBF1-A001L000	ZNF217	Gain
FB195M0287-A3A7AA2XBF1-A001L000	NSD1	Gain
FB195M0382-A3A7AA2XBF1-A001L000	MCL1	Gain
FB195M0382-A3A7AA2XBF1-A001L000	CDKN2A	Loss
FB195R0014-A3A7AA8XBF1-A001L000	MET	Gain
FB195R0014-A3A7AA8XBF1-A001L000	EGFR	Gain
FB195R0014-A3A7AA8XBF1-A001L000	MCL1	Gain
FB195R0014-A3A7AA8XBF1-A001L000	FAT1	Loss
FB195R0014-A3A7AA8XBF1-A001L000	VEGFA	Gain
FB195R0014-A3A7AA8XBF1-A001L000	MYC	Gain
FB195R0014-A3A7AA8XBF1-A001L000	RECQL4	Gain
FB195R0014-A3A7AA8XBF1-A001L000	PTPRD	Loss
FB195R0038-A3A7AA8XBF1-A001L000	CDKN2B	Loss
FB195R0038-A3A7AA8XBF1-A001L000	CDKN2A	Loss
FB195R0038-A3A7AA8XBF1-A001L000	PTPRD	Loss
FB195T0104-A3A7AA1XKF1-A002L000	ZNF217	Gain
FB195U0182-A3A7AA2XKF1-A001L000	MYC	Gain
FB195U0270-A3A7AA2XKF1-A001L000	NKX2-1	Gain
FB195U0334-A3A7AA2XKF1-A001L000K736	MDM2	Gain
FB195V0266-A3A7AA3XKF1-A001L000	CDK4	Gain
FB195V0420-A3A7AA3XKF1-A001L000	GNAS	Gain
FB195V0420-A3A7AA3XKF1-A001L000	TERT	Gain
FB195V0420-A3A7AA3XKF1-A001L000	AURKA	Gain
FB195W0129-A3A7AA1XKF1-A001L000	CDKN2A	Loss
FB195W0129-A3A7AA1XKF1-A001L000	CDKN2B	Loss
FB195W0160-A3A7AA1XKF1-A001L000	CCNE1	Gain
FB19610238-A3A7AA2XBF1-A001L000	MDM2	Gain
FB19610238-A3A7AA2XBF1-A001L000	MDM4	Gain
FB19610238-A3A7AA2XBF1-A001L000	NKX2-1	Gain
FB19620033-A3A7AA3XKF1-A001L000	MDM2	Gain
FB19620033-A3A7AA3XKF1-A001L000	KDM5A	Gain
FB19620033-A3A7AA3XKF1-A001L000	NKX2-1	Gain
FB19620098-A3A7AA3XKF1-A001L000	TERT	Gain
FB19620098-A3A7AA3XKF1-A001L000	CDKN2A	Loss
FB19620098-A3A7AA3XKF1-A001L000	CDKN2B	Loss
FB19620098-A3A7AA3XKF1-A001L000	SMAD4	Loss
FB19620172-A3A7AA3XKF1-A001L000	AKT1	Gain
FB19620172-A3A7AA3XKF1-A001L000	NKX2-1	Gain
FB19620172-A3A7AA3XKF1-A001L000	AURKA	Gain
FB19620172-A3A7AA3XKF1-A001L000	RECQL4	Gain
FB19620172-A3A7AA3XKF1-A001L000	GNAS	Gain
FB19620184-A3A7AA3XKF1-A001L000	CDKN2A	Loss
FB19620184-A3A7AA3XKF1-A001L000	GNAS	Gain
FB19620184-A3A7AA3XKF1-A001L000	CDKN2B	Loss
FB19620184-A3A7AA3XKF1-A001L000	MYCN	Gain
FB19650003-A3A7AA8XKA1-A001L000	ERBB2	Gain
FB19650003-A3A7AA8XKA1-A001L000	EGFR	Gain
FB19650003-A3A7AA8XKA1-A001L000	CDK12	Gain
FB19650003-A3A7AA8XKA1-A001L000	AR	Gain
FB19650003-A3A7AA8XKA1-A001L000	CDKN2B	Loss
FB19650003-A3A7AA8XKA1-A001L000	CDKN2A	Loss
FB19650003-A3A7AA8XKA1-A001L000	NKX2-1	Gain
FB19650027-A3A7AA8XKA1-A001L000	MCL1	Gain
FB19650212-A3A7AA8XKF2-A001L000K693	CCNE1	Gain
FB19650212-A3A7AA8XKF2-A001L000K693	TERT	Gain
FB19670191-A3A7AA1XKF1-A001L000	TERT	Gain
FB19680089-A3A7AA5XKF1-A001L000	KRAS	Gain
FB196C0083-A3A7AA9XKF1-A001L000	TERT	Gain
FB196C0083-A3A7AA9XKF1-A001L000	NKX2-1	Gain
FB196C0083-A3A7AA9XKF1-A001L000	PTPRD	Loss
FB196C0167-A3A7AA9XKF1-A001L000	NKX2-1	Gain
FB196C0193-A3A7AA9XKF1-A001L000	MYC	Gain
FB196C0193-A3A7AA9XKF1-A001L000	STK11	Loss
FB196C0193-A3A7AA9XKF1-A001L000	CDKN2A	Loss
FB196C0193-A3A7AA9XKF1-A001L000	CDKN2B	Loss
FB196C0193-A3A7AA9XKF1-A001L000	PTPRD	Loss
FB196C0193-A3A7AA9XKF1-A001L000	MEN1	Loss
FB196C0193-A3A7AA9XKF1-A001L000	RET	Gain
FB196C0193-A3A7AA9XKF1-A001L000	KIT	Gain
FB196C0193-A3A7AA9XKF1-A001L000	YAP1	Gain
FB196D0019-A3A7AA3XKF1-A001L000K736	NKX2-1	Gain
FB196D0019-A3A7AA3XKF1-A001L000K736	TERT	Gain
FB196D0091-A3A7AA3XKF1-A001L000	NKX2-1	Gain
FB196D0252-A3A7AA3XKF1-A001L000	NKX2-1	Gain
FB196D0364-A3A7AA3XKF1-A001L000	AKT1	Gain
FB196D0364-A3A7AA3XKF1-A001L000	NKX2-1	Gain
FB196D0364-A3A7AA3XKF1-A001L000	APC	Loss
FB196D0364-A3A7AA3XKF1-A001L000	FLT4	Gain
FB196D0364-A3A7AA3XKF1-A001L000	SMAD4	Loss
FB196D0364-A3A7AA3XKF1-A001L000	CDH1	Loss
FB196D0364-A3A7AA3XKF1-A001L000	SMAD2	Loss
FB196D0364-A3A7AA3XKF1-A001L000	AURKA	Gain
FB196D0364-A3A7AA3XKF1-A001L000	SRC	Gain
FB196D0364-A3A7AA3XKF1-A001L000	ZNF217	Gain
FB196D0364-A3A7AA3XKF1-A001L000	TOP1	Gain
FB196D0364-A3A7AA3XKF1-A001L000	TERT	Gain
FB196D0364-A3A7AA3XKF1-A001L000	GNAS	Gain
FB196D0364-A3A7AA3XKF1-A001L000	HGF	Gain
FB196D0364-A3A7AA3XKF1-A001L000	BRAF	Gain
FB196E0100-A3A7AA1XKF1-A001L000	CCNE1	Gain
FB196E0116-A3A7AA1XKF1-A001L000	NKX2-1	Gain
FB196J0123-A3A7AA1XKF1-A001L000	EGFR	Gain
FB196J0123-A3A7AA1XKF1-A001L000	NKX2-1	Gain
FB196J0123-A3A7AA1XKF1-A001L000	TUBB3	Gain
FB196J0212-A3A7AA6XKF1-A001L000K736	FLT4	Gain
FB196K0221-A3A7AA8XKF1-A001L000K764	TERT	Gain
FB196K0221-A3A7AA8XKF1-A001L000K764	RICTOR	Gain
FB196K0326-A3A7AA8XKF1-A001L000	EGFR	Gain
FB196K0326-A3A7AA8XKF1-A001L000	NKX2-1	Gain
FB196K0326-A3A7AA8XKF1-A001L000	BRD4	Gain
FB196M0053-A3A7AA7XKF1-A001L000	NKX2-1	Gain
FB196N0003-A3A7AA1XKF1-A001L000	ERBB2	Gain
FB196N0003-A3A7AA1XKF1-A001L000	ZNF217	Gain
FB196N0003-A3A7AA1XKF1-A001L000	AURKA	Gain
FB196N0003-A3A7AA1XKF1-A001L000	TOP2A	Gain
FB196N0003-A3A7AA1XKF1-A001L000	MCL1	Gain
FB196N0003-A3A7AA1XKF1-A001L000	NTRK1	Gain
FB196N0003-A3A7AA1XKF1-A001L000	GNAS	Gain
FB196N0003-A3A7AA1XKF1-A001L000	CDK8	Gain
FB196N0310-A3A7AA1XKF1-A001L000	PTPRD	Loss
FB196Q0065-A3A7AA2XKF1-A001L000K665K736	CDKN2A	Loss
FB196Q0065-A3A7AA2XKF1-A001L000K665K736	CDKN2B	Loss
FB196S0386-A3A7AA5XKF1-A001L000	CDKN2B	Loss
FB196S0386-A3A7AA5XKF1-A001L000	CDKN2A	Loss
FB196S0422-A3A7AA5XKF1-A001L000	TERT	Gain
FB196S0422-A3A7AA5XKF1-A001L000	MECOM	Gain
FB196S0436-A3A7AA5XKF1-A001L000	MDM4	Gain
FB196S0442-A3A7AA5XKF1-A001L000	TERC	Gain
FB196S0442-A3A7AA5XKF1-A001L000	MCL1	Gain
FB196S0442-A3A7AA5XKF1-A001L000	CCND1	Gain
FB196V0048-A3A7AA7XKF1-A001L000	FGFR4	Gain
FB196V0048-A3A7AA7XKF1-A001L000	NSD1	Gain
FB196V0065-A3A7AA7XKF1-A001L000Y155	MYC	Gain
FB196V0065-A3A7AA7XKF1-A001L000Y155	PTK2	Gain
FB196V0065-A3A7AA7XKF1-A001L000Y155	TERT	Gain
FB196V0065-A3A7AA7XKF1-A001L000Y155	RECQL4	Gain
FB19700018-A3A7AA8XKF1-A001L000	TERT	Gain
FB19700018-A3A7AA8XKF1-A001L000	IL7R	Gain
FB19700018-A3A7AA8XKF1-A001L000	CDKN2B	Loss
FB19700018-A3A7AA8XKF1-A001L000	CDKN2A	Loss
FB19700018-A3A7AA8XKF1-A001L000	JAK2	Gain
FB19700018-A3A7AA8XKF1-A001L000	PD-L2	Gain
FB19700018-A3A7AA8XKF1-A001L000	PD-L1	Gain
FB19700018-A3A7AA8XKF1-A001L000	RICTOR	Gain
FB19700018-A3A7AA8XKF1-A001L000	NKX2-1	Gain
FB19700018-A3A7AA8XKF1-A001L000	CCNE1	Gain
FB19700018-A3A7AA8XKF1-A001L000	NTRK1	Gain
FB19750053-A3A7AA9XKF1-A001L000K665	EGFR	Gain
FB19750053-A3A7AA9XKF1-A001L000K665	DLL3	Gain
FB19750053-A3A7AA9XKF1-A001L000K665	MYC	Gain
FB19750053-A3A7AA9XKF1-A001L000K665	RECQL4	Gain
FB19750053-A3A7AA9XKF1-A001L000K665	GNAS	Gain
FB19750053-A3A7AA9XKF1-A001L000K665	ZNF217	Gain
FB19750405-A3A7AA9XKF1-A001L000K736	EGFR	Gain
FB19750405-A3A7AA9XKF1-A001L000K736	NTRK1	Gain
FB19750405-A3A7AA9XKF1-A001L000K736	NKX2-1	Gain
FB19750405-A3A7AA9XKF1-A001L000K736	CRKL	Gain
FB19750405-A3A7AA9XKF1-A001L000K736	DDR2	Gain
FB19750405-A3A7AA9XKF1-A001L000K736	MCL1	Gain
FB19760008-A3A7AA5XKF1-A001L000	MYC	Gain
FB19760008-A3A7AA5XKF1-A001L000	RECQL4	Gain
FB19760120-A3A7AA5XKF1-A001L000	CRKL	Gain
FB19760120-A3A7AA5XKF1-A001L000	RET	Gain
FB19760120-A3A7AA5XKF1-A001L000	DDR2	Gain
FB19760120-A3A7AA5XKF1-A001L000	NTRK1	Gain
FB19760120-A3A7AA5XKF1-A001L000	KIT	Gain
FB19760120-A3A7AA5XKF1-A001L000	PDGFRA	Gain
FB19760120-A3A7AA5XKF1-A001L000	TERT	Gain
FB19760120-A3A7AA5XKF1-A001L000	RICTOR	Gain
FB19760217-A3A7AA1XKF1-A001L000	PTEN	Loss
FB19760217-A3A7AA1XKF1-A001L000	BMPR1A	Loss
FB19760217-A3A7AA1XKF1-A001L000	MECOM	Gain
FB19760217-A3A7AA1XKF1-A001L000	MYCN	Gain
FB19760217-A3A7AA1XKF1-A001L000	BCL2	Gain
FB19760217-A3A7AA1XKF1-A001L000	ALK	Gain
FB19760217-A3A7AA1XKF1-A001L000	BRD4	Gain
FB19760217-A3A7AA1XKF1-A001L000	TERC	Gain
FB19760472-A3A7AA5XKF1-A001L000	EGFR	Gain
FB19760472-A3A7AA5XKF1-A001L000	CDK6	Gain
FB19760472-A3A7AA5XKF1-A001L000	NKX2-1	Gain
FB19760472-A3A7AA5XKF1-A001L000	PTK2	Gain
FB19760472-A3A7AA5XKF1-A001L000	RECQL4	Gain
FB19760472-A3A7AA5XKF1-A001L000	MYC	Gain
FB197A0127-A3A7B15XKF1-A006L000K595	PD-L2	Gain
FB197A0127-A3A7B15XKF1-A006L000K595	PD-L1	Gain
FB197C0047-A3A7AA7XKF1-A001L000	CDKN2B	Loss
FB197C0047-A3A7AA7XKF1-A001L000	CDKN2A	Loss
FB197C0047-A3A7AA7XKF1-A001L000	NKX2-1	Gain
FB197C0047-A3A7AA7XKF1-A001L000	NSD1	Gain
FC195F0231-A3A7AA3XBF1-A001L000	CEBPA	Loss
FC195F0231-A3A7AA3XBF1-A001L000	CDK4	Gain
FC195F0231-A3A7AA3XBF1-A001L000	MDM2	Gain
FC195M0068-A3A7AA8XBF1-A001L000	EGFR	Gain
FC195M0068-A3A7AA8XBF1-A001L000	IL7R	Gain
FC195M0068-A3A7AA8XBF1-A001L000	TERT	Gain
FC195M0068-A3A7AA8XBF1-A001L000	RICTOR	Gain
FC195M0068-A3A7AA8XBF1-A001L000	PIK3R2	Gain
FC195N0120-A3A7AA1XBF1-A001L000	PTPRD	Loss
FC195N0183-A3A7AA1XBF1-A001L000	NKX2-1	Gain
FC195N0183-A3A7AA1XBF1-A001L000	CDK4	Gain
FC195N0183-A3A7AA1XBF1-A001L000	PTPRD	Loss
FC195T0099-A3A7AA1XKF1-A001L000	IL7R	Gain
FC195T0099-A3A7AA1XKF1-A001L000	RICTOR	Gain
FC195T0099-A3A7AA1XKF1-A001L000	TERT	Gain
FC195T0099-A3A7AA1XKF1-A001L000	MCL1	Gain
FC195V0233-A3A7AA3XKF1-A001L000	MYC	Gain
FC196K0064-A3A7AA8XKF1-A001L000	EGFR	Gain
FC19750385-A3A7AA9XKF1-A001L000K736	KRAS	Gain
FC19750385-A3A7AA9XKF1-A001L000K736	CCND1	Gain
FC19750385-A3A7AA9XKF1-A001L000K736	MCL1	Gain
FC19750385-A3A7AA9XKF1-A001L000K736	FGF19	Gain
FC19750385-A3A7AA9XKF1-A001L000K736	KDM5A	Gain
FD19750158-A3A7AA5XKF1-A001L000Y093K665	AKT2	Gain
FD19750158-A3A7AA5XKF1-A001L000Y093K665	FGF19	Gain
FD19750158-A3A7AA5XKF1-A001L000Y093K665	CCND1	Gain
FD19750158-A3A7AA5XKF1-A001L000Y093K665	DLL3	Gain
T181205166348-CLN	MYC	Gain
T181210167918-Ge-CLN	TERT	Gain
T181210167918-Ge-CLN	MDM2	Gain
T190109176158-Ge-CLN	TERT	Gain
T190109176158-Ge-CLN	NKX2-1	Gain
T190217185229-Ge-CLN	AR	Gain
T190301189177-Ge-CLN	AKT1	Gain
T190301189177-Ge-CLN	AKT2	Gain
T190301189177-Ge-CLN	EGFR	Gain
T190301189177-Ge-CLN	NKX2-1	Gain
T190301189177-Ge-CLN	DLL3	Gain
T190301189177-Ge-CLN	MYC	Gain
T190301189177-Ge-CLN	MECOM	Gain
T190301189177-Ge-CLN	TERC	Gain
T190301189177-Ge-CLN	NTRK1	Gain
T190301189177-Ge-CLN	DDR2	Gain
T190301189177-Ge-CLN	RPTOR	Gain
T190301189177-Ge-CLN	VEGFA	Gain
T190301189177-Ge-CLN	ABCB1	Gain
T190303189802-CLN-KY477	PTPRD	Loss
T190306190394-YH093-Ge-F-CLN	SOX2	Gain
T190306190394-YH093-Ge-F-CLN	MCL1	Gain
T190306190394-YH093-Ge-F-CLN	ZNF217	Gain
T190306190394-YH093-Ge-F-CLN	TERC	Gain
T190308191092-Ge-CLN	AKT1	Gain
T190308191092-Ge-CLN	MYCL	Gain
T190322195235-CLN-KY616	MYC	Gain
T190322195235-CLN-KY616	ABCB1	Gain
T190322195273-Ge-CLN	RECQL4	Gain
T190322195273-Ge-CLN	PTK2	Gain
T190322195273-Ge-CLN	MYC	Gain
T190322195303-Ge-CLN	EGFR	Gain
T190405199655-Ge-CLN	EGFR	Gain
T190405199655-Ge-CLN	CDK4	Gain
T190405199655-Ge-CLN	TERT	Gain
T190405199655-Ge-CLN	NKX2-1	Gain
T190414202354-Ge-CLN	EGFR	Gain
T190414202354-Ge-CLN	NKX2-1	Gain
T190414202354-Ge-CLN	AR	Gain
T190421204857-Ge-CLN	AKT2	Gain
T190421204857-Ge-CLN	DLL3	Gain
T190421204857-Ge-CLN	CCNE1	Gain
T190421204857-Ge-CLN	PTEN	Loss
T190501208067-Ge-CLN	CRKL	Gain
T190501208067-Ge-CLN	MYC	Gain
T190501208067-Ge-CLN	TERT	Gain
T190501208187-Ge-CLN	EGFR	Gain
T190501208187-Ge-CLN	CDK4	Gain
T190501208187-Ge-CLN	MDM2	Gain
T190501208187-Ge-CLN	CDKN2B	Loss
T190501208187-Ge-CLN	MYC	Gain
T190501208195-Ge-CLN	EGFR	Gain
T190501208195-Ge-CLN	RB1	Loss
T190501208195-Ge-CLN	ZNF217	Gain
T190501208195-Ge-CLN	GNAS	Gain
T190501208195-Ge-CLN	IGF1R	Gain
T190501208195-Ge-CLN	BRCA2	Loss
T190501208195-Ge-CLN	AURKA	Gain
T190501208195-Ge-CLN	NKX2-1	Gain
T190506208884-Ge-CLN	CDKN2B	Loss
T190506208884-Ge-CLN	CDKN2A	Loss
T190507209121-CLN-K693	MDM2	Gain
T190507209121-CLN-K693	CDK4	Gain
T190508209516-CLN-K693	PTK2	Gain
T190508209516-CLN-K693	MYC	Gain
TA195F0179-D2A7AA3XBF1-A001L000	RECQL4	Gain
TA195M0220-D2A7AA8XBF1-A001L000	EGFR	Gain
TA195M0220-D2A7AA8XBF1-A001L000	AXL	Gain
TA195M0220-D2A7AA8XBF1-A001L000	CDKN2B	Loss
TA195M0220-D2A7AA8XBF1-A001L000	CDKN2A	Loss
TA195M0220-D2A7AA8XBF1-A001L000	MCL1	Gain
TA195M0220-D2A7AA8XBF1-A001L000	IL7R	Gain
TA195N0166-D2A7AA9XBF1-A001L000	EGFR	Gain
TA195N0166-D2A7AA9XBF1-A001L000	NKX2-1	Gain
TA195N0166-D2A7AA9XBF1-A001L000	SMAD4	Loss
TA195N0166-D2A7AA9XBF1-A001L000	CDKN2B	Loss
TA195N0166-D2A7AA9XBF1-A001L000	CDKN2A	Loss
TA195N0166-D2A7AA9XBF1-A001L000	SMAD2	Loss
TA195N0166-D2A7AA9XBF1-A001L000	ABCB1	Gain
TA195U0072-D2A7AA2XKF1-A001L000	RECQL4	Gain
TA19610280-D2A7AA2XBF1-A001L000	PTPRD	Loss
TA19610280-D2A7AA2XBF1-A001L000	MCL1	Gain
TA19610280-D2A7AA2XBF1-A001L000	PDGFRA	Gain
TA196E0036-D2A7AA6XKF1-A002L000	TERT	Gain
TB195D0097-D2A7AA2XBF1-A001L000K665	TERT	Gain
TB195P0076-D2A7AA5XBF1-A001L000	MDM2	Gain
TB195U0119-D2A7AA2XKF1-A001L000	TERC	Gain
TB195U0119-D2A7AA2XKF1-A001L000	MECOM	Gain
TB195U0132-D2A7AA2XKF1-A001L000K665	RECQL4	Gain
TB195U0223-D2A7AA2XKF1-A001L000	CDKN2B	Loss
TB195U0223-D2A7AA2XKF1-A001L000	CDKN2A	Loss
TB195U0223-D2A7AA2XKF1-A001L000	NKX2-1	Gain
TB19680042-D2A7AA5XKF1-A001L000K287	EGFR	Gain
TB19680042-D2A7AA5XKF1-A001L000K287	PIK3CA	Gain
TB19680042-D2A7AA5XKF1-A001L000K287	DLL3	Gain
TB19680042-D2A7AA5XKF1-A001L000K287	NFE2L2	Gain
TB19680042-D2A7AA5XKF1-A001L000K287	CDKN2B	Loss
TB19680042-D2A7AA5XKF1-A001L000K287	CDKN2A	Loss
TB19680042-D2A7AA5XKF1-A001L000K287	CUL3	Loss
TB19680042-D2A7AA5XKF1-A001L000K287	DDR2	Gain
TB19680042-D2A7AA5XKF1-A001L000K287	MYC	Gain
TB19680042-D2A7AA5XKF1-A001L000K287	NTRK1	Gain
TB19680042-D2A7AA5XKF1-A001L000K287	MECOM	Gain
TB196B0095-D2A7AA1XKF1-A001L000K665	EGFR	Gain
TB196B0095-D2A7AA1XKF1-A001L000K665	TERT	Gain
TB196B0095-D2A7AA1XKF1-A001L000K665	MDM2	Gain
TB196B0095-D2A7AA1XKF1-A001L000K665	CDKN2B	Loss
TB196B0095-D2A7AA1XKF1-A001L000K665	CDKN2A	Loss
TB196B0095-D2A7AA1XKF1-A001L000K665	KRAS	Gain
TB196B0095-D2A7AA1XKF1-A001L000K665	FLT4	Gain
TB196B0095-D2A7AA1XKF1-A001L000K665	NSD1	Gain
TB196B0095-D2A7AA1XKF1-A001L000K665	RECQL4	Gain
TB196B0095-D2A7AA1XKF1-A001L000K665	CDK4	Gain
TB196B0095-D2A7AA1XKF1-A001L000K665	FGFR4	Gain
TB196B0095-D2A7AA1XKF1-A001L000K665	PTK2	Gain
TB196B0095-D2A7AA1XKF1-A001L000K665	MYC	Gain
TB196B0095-D2A7AA1XKF1-A001L000K665	IL7R	Gain
TB196B0095-D2A7AA1XKF1-A001L000K665	RICTOR	Gain
TB196C0269-D2A7AA9XKF1-A001L000	RECQL4	Gain
TB196C0269-D2A7AA9XKF1-A001L000	MYC	Gain
TB196C0274-D2A7AA9XKF1-A001L000K764	CDK4	Gain
TB196C0274-D2A7AA9XKF1-A001L000K764	MDM2	Gain
TB196C0274-D2A7AA9XKF1-A001L000K764	TERT	Gain
TB196K0170-D2A7AA8XKF1-A001L000	AKT1	Gain
TB196K0170-D2A7AA8XKF1-A001L000	NKX2-1	Gain
TB19750061-D2A7AA3XKF1-A001L000K665	MYC	Gain
TF181207167213-CLN-KY646	MET	Gain
TF181207167213-CLN-KY646	EGFR	Gain
TF181207167213-CLN-KY646	MYC	Gain
TF181207167213-CLN-KY646	CDK6	Gain
TF181207167213-CLN-KY646	EPHA3	Gain
TF181207167213-CLN-KY646	CDKN2B	Loss
TF181207167213-CLN-KY646	CDKN2A	Loss
TF181207167213-CLN-KY646	HGF	Gain
TF181207167213-CLN-KY646	ABCB1	Gain
TF181207167213-CLN-KY646	RECQL4	Gain
TF181207167213-CLN-KY646	PTK2	Gain
TF181207167213-CLN-KY646	BRAF	Gain
TF181207167213-CLN-KY646	SMO	Gain
TF181207167213-CLN-KY646	BCL2	Gain
TF190104175047-YH093-CLN-KY499-F	EGFR	Gain
TF190104175047-YH093-CLN-KY499-F	PIK3R2	Gain
TF190105175464-CLN	MDM2	Gain
TF190105175464-CLN	CDKN2A	Loss
TF190105175464-CLN	PTPRD	Loss
TF190105175464-CLN	CDKN2B	Loss
TF190117178681-Ge-CLN	KDM5A	Gain
TF190120179428-Ge-CLN	MET	Gain
TF190120179428-Ge-CLN	TP53	Loss
TF190120179428-Ge-CLN	EGFR	Gain
TF190120179428-Ge-CLN	NKX2-1	Gain
TF190120179428-Ge-CLN	CDK6	Gain
TF190120179428-Ge-CLN	MYC	Gain
TF190120179428-Ge-CLN	ABCB1	Gain
TF190120179428-Ge-CLN	PTK2	Gain
TF190120179428-Ge-CLN	NCOR1	Loss
TF190120179428-Ge-CLN	RECQL4	Gain
TF190120179428-Ge-CLN	HGF	Gain
TF190120179428-Ge-CLN	AMER1	Loss
TF190120179428-Ge-CLN	MCL1	Gain
TF190120179625-CLN-KY452	NKX2-1	Gain
TF190217185243-YH093-Ge-F-CLN	MCL1	Gain
TF190301188986-Ge-CLN	EGFR	Gain
TF190301188986-Ge-CLN	NKX2-1	Gain
TF190301188986-Ge-CLN	BRAF	Gain
TF190301188986-Ge-CLN	HGF	Gain
TF190301188986-Ge-CLN	CDKN2B	Loss
TF190301188986-Ge-CLN	PTPRD	Loss
TF190301188986-Ge-CLN	NRAS	Gain
TF190307190692-CLN-JKY001	CDKN2A	Loss
TF190307190692-CLN-JKY001	CDKN2B	Loss
TF190307190692-CLN-JKY001	PTPRD	Loss
TF190307190791-CLN-KY665	MYC	Gain
TF190314193071-Ge-CLN	ERBB2	Gain
TF190315193393-YH093-Ge-F-CLN	MCL1	Gain
TF190315193393-YH093-Ge-F-CLN	TERT	Gain
TF190322195357-CLN-K746	MET	Gain
TF190322195357-CLN-K746	MYC	Gain
TF190322195357-CLN-K746	CDK6	Gain
TF190323195673-CLN-K746	STK11	Loss
TF190323195673-CLN-K746	CRKL	Gain
TF190323195673-CLN-K746	MCL1	Gain
TF190323195673-CLN-K746	APC	Loss
TF190323195673-CLN-K746	CDKN2A	Loss
TF190323195673-CLN-K746	CDKN2B	Loss
TF190323195673-CLN-K746	ERBB3	Gain
TF190323195673-CLN-K746	CDK4	Gain
TF190323195673-CLN-K746	ALK	Gain
TF190323195673-CLN-K746	MDM2	Gain
TF190323195673-CLN-K746	MYCN	Gain
TF190323195673-CLN-K746	MYCL	Gain
TF190401198513-CLN-KY736	MDM2	Gain
TF190401198513-CLN-KY736	TERT	Gain
TF190401198513-CLN-KY736	NKX2-1	Gain
TF190414202403-Ge-CLN	CDKN2A	Loss
TF190414202403-Ge-CLN	CDKN2B	Loss
TF190414202403-Ge-CLN	TERC	Gain
TF190414202403-Ge-CLN	SOX2	Gain
TF190414202403-Ge-CLN	RPTOR	Gain
TF190414202403-Ge-CLN	IL7R	Gain
TF190414202403-Ge-CLN	MECOM	Gain
TF190414202403-Ge-CLN	RICTOR	Gain
TF190414202403-Ge-CLN	ZNF217	Gain
TF190508209285-CLN-K736	EGFR	Gain
TF190508209285-CLN-K736	MYC	Gain
TF190508209285-CLN-K736	RECQL4	Gain
TF190508209285-CLN-K736	NOTCH3	Loss
TF190508209285-CLN-K736	KRAS	Gain
TF190509209686-Ge-CLN	EGFR	Gain
TF190509209686-Ge-CLN	MYC	Gain
TF190509209686-Ge-CLN	CDKN2A	Loss
TF190509209686-Ge-CLN	RICTOR	Gain
TF190509209686-Ge-CLN	RECQL4	Gain
TF190509209686-Ge-CLN	IL7R	Gain
TF190509209686-Ge-CLN	TOP2A	Gain
TF190509209686-Ge-CLN	CEBPA	Loss
TF190509209686-Ge-CLN	PTK2	Gain
TF190509209686-Ge-CLN	TERT	Gain
TF190509209876-Ge-CLN	RB1	Loss
TF190509209876-Ge-CLN	NRAS	Gain
TF190509209876-Ge-CLN	IL7R	Gain
TX195F0261-D2A7AA3XBF1-A001L000	CDK6	Gain
TX195F0261-D2A7AA3XBF1-A001L000	ZNF217	Gain
TX195F0261-D2A7AA3XBF1-A001L000	CEBPA	Loss
TX195F0261-D2A7AA3XBF1-A001L000	NKX2-1	Gain
F181121162746-Ge-CLN	SOX2	Gain
F181121162746-Ge-CLN	AMER1	Loss
F181121162746-Ge-CLN	PIK3CA	Gain
F181121162746-Ge-CLN	RPTOR	Gain
F181123163272-Ge-CLN	PIK3CA	Gain
F181123163272-Ge-CLN	JAK2	Gain
F181123163272-Ge-CLN	PD-L1	Gain
F181123163452-Ge-CLN	EGFR	Gain
F181123163452-Ge-CLN	TERT	Gain
F181123163452-Ge-CLN	PTPRD	Loss
F181123163452-Ge-CLN	CDKN2A	Loss
F181123163452-Ge-CLN	CDKN2B	Loss
F181123163452-Ge-CLN	ZNF703	Gain
F181123163452-Ge-CLN	SOX2	Gain
F181123163542-CLN-KY499	FGFR1	Gain
F181123163542-CLN-KY499	CDK6	Gain
F181127164249-Ge-CLN	MCL1	Gain
F181127164249-Ge-CLN	SOX2	Gain
F181127164249-Ge-CLN	TERC	Gain
F181127164249-Ge-CLN	MECOM	Gain
F181207167363-Ge-CLN	TERC	Gain
F181207167363-Ge-CLN	MCL1	Gain
F181207167363-Ge-CLN	SOX2	Gain
F181207167363-Ge-CLN	MYC	Gain
F181207167363-Ge-CLN	PIK3CA	Gain
F181207167363-Ge-CLN	CDKN2A	Loss
F181207167363-Ge-CLN	MECOM	Gain
F181207167363-Ge-CLN	NFE2L2	Gain
F181207167363-Ge-CLN	KDM5A	Gain
F181207167363-Ge-CLN	RICTOR	Gain
F181212168740-Ge-CLN	FGF19	Gain
F181212168740-Ge-CLN	CCND1	Gain
F181212168740-Ge-CLN	CDKN2A	Loss
F181212168740-Ge-CLN	CDKN2B	Loss
F181212168740-Ge-CLN	NCOR1	Loss
F181212168740-Ge-CLN	MEN1	Loss
F181216170244-Ge-CLN	FGFR3	Gain
F181216170244-Ge-CLN	MCL1	Gain
F181216170244-Ge-CLN	SOX2	Gain
F181220171422-Ge-CLN	AKT2	Gain
F181220171422-Ge-CLN	SOX2	Gain
F181220171422-Ge-CLN	DLL3	Gain
F181220171422-Ge-CLN	PIK3CA	Gain
F181223172342-CLN-RT	SOX2	Gain
F181223172342-CLN-RT	KRAS	Gain
F181223172342-CLN-RT	CDKN2B	Loss
F181223172342-CLN-RT	PTPRD	Loss
F181223172342-CLN-RT	TTF1	Gain
F181223172342-CLN-RT	PIK3CA	Gain
F181223172342-CLN-RT	CRKL	Gain
F181223172417-CLN-KY499	CDKN2B	Loss
F181223172417-CLN-KY499	KRAS	Gain
F181229174099-CLN-KY499	FGFR1	Gain
F181229174099-CLN-KY499	FLT1	Gain
F181229174099-CLN-KY499	FLT3	Gain
F181229174099-CLN-KY499	MYC	Gain
F181229174099-CLN-KY499	PTK2	Gain
F181229174099-CLN-KY499	ZNF703	Gain
F181229174099-CLN-KY499	CDK8	Gain
F181229174099-CLN-KY499	RECQL4	Gain
F181229174099-CLN-KY499	ZNF217	Gain
F181229174099-CLN-KY499	GNAS	Gain
F181229174099-CLN-KY499	AURKA	Gain
F190105175302-Ge-CLN	AKT2	Gain
F190105175302-Ge-CLN	SOX2	Gain
F190105175302-Ge-CLN	PIK3CA	Gain
F190105175302-Ge-CLN	NOTCH2	Gain
F190105175302-Ge-CLN	TERC	Gain
F190105175302-Ge-CLN	DLL3	Gain
F190105175302-Ge-CLN	MECOM	Gain
F190105175302-Ge-CLN	CDK4	Gain
F190105175302-Ge-CLN	IL7R	Gain
F190105175302-Ge-CLN	CCNE1	Gain
F190105175302-Ge-CLN	RICTOR	Gain
F190105175302-Ge-CLN	PD-L2	Gain
F190109176311-CLN-KY499	PDGFRA	Gain
F190109176311-CLN-KY499	YAP1	Gain
F190109176311-CLN-KY499	NFE2L2	Gain
F190109176311-CLN-KY499	SOX2	Gain
F190109176311-CLN-KY499	KIT	Gain
F190109176311-CLN-KY499	TERC	Gain
F190109176311-CLN-KY499	MCL1	Gain
F190109176311-CLN-KY499	KRAS	Gain
F190109176311-CLN-KY499	KDM5A	Gain
F190109176311-CLN-KY499	PTPRD	Loss
F190109176311-CLN-KY499	PIK3CA	Gain
F190109176311-CLN-KY499	MECOM	Gain
F190112177720-CLN	FGFR1	Gain
F190112177720-CLN	CRKL	Gain
F190112177720-CLN	ZNF703	Gain
F190112177720-CLN	SOX2	Gain
F190112177720-CLN	TERC	Gain
F190112177720-CLN	MECOM	Gain
F190112177720-CLN	PTK2	Gain
F190112177720-CLN	IL7R	Gain
F190112177720-CLN	RECQL4	Gain
F190112177720-CLN	PIK3CA	Gain
F190112177720-CLN	MYC	Gain
F190112177720-CLN	PTPRD	Loss
F190112177720-CLN	RICTOR	Gain
F190112177720-CLN	EPHA3	Gain
F190113178013-Ge-CLN	MCL1	Gain
F190113178013-Ge-CLN	TERC	Gain
F190113178013-Ge-CLN	SOX2	Gain
F190113178013-Ge-CLN	PD-L1	Gain
F190116178257-CLN-KY665	PIK3CA	Gain
F190116178257-CLN-KY665	RICTOR	Gain
F190215184636-CLN-K736	FGF19	Gain
F190215184636-CLN-K736	CCND1	Gain
F190215184636-CLN-K736	SOX2	Gain
F190215184636-CLN-K736	TERC	Gain
F190215184636-CLN-K736	PIK3CA	Gain
F190215184636-CLN-K736	MECOM	Gain
F190215184636-CLN-K736	CDKN2A	Loss
F190215184636-CLN-K736	CDKN2B	Loss
F190216184905-Ge-CLN	FGFR1	Gain
F190216184905-Ge-CLN	ZNF703	Gain
F190216184905-Ge-CLN	PIK3CA	Gain
F190216184905-Ge-CLN	SOX2	Gain
F190216184905-Ge-CLN	TERC	Gain
F190216184905-Ge-CLN	MYCL	Gain
F190216184905-Ge-CLN	CDKN2A	Loss
F190216184905-Ge-CLN	RICTOR	Gain
F190216184905-Ge-CLN	MECOM	Gain
F190216184905-Ge-CLN	IL7R	Gain
F190216184905-Ge-CLN	CDKN2B	Loss
F190217185270-Ge-CLN	TERT	Gain
F190217185270-Ge-CLN	IL7R	Gain
F190223186985-CLN-K736	MYC	Gain
F190223186985-CLN-K736	RICTOR	Gain
F190223186985-CLN-K736	TERT	Gain
F190223186985-CLN-K736	IL7R	Gain
F190227188258-Ge-CLN	CCND1	Gain
F190227188258-Ge-CLN	FGF19	Gain
F190227188258-Ge-CLN	CDKN2A	Loss
F190227188258-Ge-CLN	CDKN2B	Loss
F190227188258-Ge-CLN	SOX2	Gain
F190227188258-Ge-CLN	MECOM	Gain
F190227188258-Ge-CLN	TERC	Gain
F190227188258-Ge-CLN	PD-L1	Gain
F190227188258-Ge-CLN	PIK3CA	Gain
F190227188258-Ge-CLN	MCL1	Gain
F190228188528-Ge-CLN	CCND1	Gain
F190228188528-Ge-CLN	FGF19	Gain
F190228188528-Ge-CLN	SOX2	Gain
F190228188528-Ge-CLN	TERC	Gain
F190228188528-Ge-CLN	PIK3CA	Gain
F190228188528-Ge-CLN	MCL1	Gain
F190228188528-Ge-CLN	MECOM	Gain
F190228188528-Ge-CLN	LRP1B	Loss
F190228188528-Ge-CLN	PTPRD	Loss
F190228188528-Ge-CLN	RICTOR	Gain
F190228188528-Ge-CLN	IL7R	Gain
F190228188528-Ge-CLN	DDR2	Gain
F190301189167-Ge-CLN	ERBB2	Gain
F190301189167-Ge-CLN	MDM2	Gain
F190303189770-Ge-CLN	MCL1	Gain
F190303189770-Ge-CLN	PTPRD	Loss
F190315193411-Ge-CLN	MDM2	Gain
F190317193993-CLN	FGFR1	Gain
F190317193993-CLN	EGFR	Gain
F190317193993-CLN	SOX2	Gain
F190317193993-CLN	MECOM	Gain
F190317193993-CLN	PIK3CA	Gain
F190317193993-CLN	MCL1	Gain
F190317193993-CLN	TERC	Gain
F190317193993-CLN	TERT	Gain
F190321194861-RT-CLN	CDKN2A	Loss
F190321194861-RT-CLN	CDKN2B	Loss
F190321195096-CLN-K736	HGF	Gain
F190321195096-CLN-K736	MTOR	Gain
F190321195096-CLN-K736	IL7R	Gain
F190321195096-CLN-K736	MCL1	Gain
F190323195854-CLN-K736	MCL1	Gain
F190323195854-CLN-K736	PIK3CA	Gain
F190323195854-CLN-K736	SOX2	Gain
F190323195854-CLN-K736	MECOM	Gain
F190323195854-CLN-K736	NTRK1	Gain
F190323195854-CLN-K736	RICTOR	Gain
F190323195854-CLN-K736	MAP2K1	Gain
F190324196016-CLN-RT	FGFR1	Gain
F190324196016-CLN-RT	ZNF703	Gain
F190324196016-CLN-RT	CDKN2A	Loss
F190324196016-CLN-RT	CDKN2B	Loss
F190324196016-CLN-RT	MECOM	Gain
F190324196016-CLN-RT	PIK3CA	Gain
F190324196016-CLN-RT	RECQL4	Gain
F190324196016-CLN-RT	SOX2	Gain
F190324196016-CLN-RT	TERC	Gain
F190324196016-CLN-RT	GNAS	Gain
F190324196016-CLN-RT	PTK2	Gain
F190326196386-CLN-K736	MET	Gain
F190326196386-CLN-K736	AKT3	Gain
F190326196386-CLN-K736	EGFR	Gain
F190326196386-CLN-K736	CDK6	Gain
F190326196386-CLN-K736	ABCB1	Gain
F190326196386-CLN-K736	KRAS	Gain
F190326196386-CLN-K736	HGF	Gain
F190326196386-CLN-K736	PD-L1	Gain
F190326196386-CLN-K736	PD-L2	Gain
F190326196386-CLN-K736	MDM4	Gain
F190326196386-CLN-K736	KDM5A	Gain
F190326196386-CLN-K736	LRP1B	Loss
F190326196386-CLN-K736	SOX2	Gain
F190326196386-CLN-K736	RICTOR	Gain
F190326196386-CLN-K736	TERT	Gain
F190326196386-CLN-K736	BRAF	Gain
F190326196386-CLN-K736	AURKB	Gain
F190326196386-CLN-K736	MECOM	Gain
F190326196386-CLN-K736	MDM2	Gain
F190326196386-CLN-K736	IL7R	Gain
F190326196386-CLN-K736	PIK3CA	Gain
F190326196386-CLN-K736	FGF19	Gain
F190326196386-CLN-K736	MCL1	Gain
F190326196386-CLN-K736	JAK2	Gain
F190328197130-CLN-K736	TERC	Gain
F190328197130-CLN-K736	SOX2	Gain
F190403198853-Ge-CLN	PIK3CA	Gain
F190403198853-Ge-CLN	TERC	Gain
F190403198853-Ge-CLN	PTPRD	Loss
F190403198853-Ge-CLN	MECOM	Gain
F190403198853-Ge-CLN	CDK6	Gain
F190403198853-Ge-CLN	SOX2	Gain
F190403198853-Ge-CLN	HGF	Gain
F190403198853-Ge-CLN	MCL1	Gain
F190403198853-Ge-CLN	NOTCH2	Gain
F190405199855-Ge-CLN	SOX2	Gain
F190405199855-Ge-CLN	PIK3CA	Gain
F190405199855-Ge-CLN	GNAS	Gain
F190405199855-Ge-CLN	ZNF217	Gain
F190411200917-Ge-CLN	AKT3	Gain
F190411200917-Ge-CLN	MCL1	Gain
F190413201845-Ge-CLN	SOX2	Gain
F190413201845-Ge-CLN	PIK3R2	Gain
F190413201845-Ge-CLN	MECOM	Gain
F190413201845-Ge-CLN	PIK3CA	Gain
F190413201845-Ge-CLN	MCL1	Gain
F190417203055-CLN-K736	FGFR2	Gain
F190417203055-CLN-K736	SOX2	Gain
F190417203055-CLN-K736	MGMT	Gain
F190417203055-CLN-K736	MYC	Gain
F190417203055-CLN-K736	CDKN2A	Loss
F190417203055-CLN-K736	CDKN2B	Loss
F190417203055-CLN-K736	MECOM	Gain
F190417203055-CLN-K736	PTK2	Gain
F190417203055-CLN-K736	MAP2K2	Gain
F190417203055-CLN-K736	BRD4	Gain
F190417203055-CLN-K736	TERC	Gain
F190417203055-CLN-K736	RECQL4	Gain
F190417203055-CLN-K736	PIK3R2	Gain
F190419204302-YH157-Ge-CLN	MCL1	Gain
F190419204302-YH157-Ge-CLN	RICTOR	Gain
F190419204302-YH157-Ge-CLN	NOTCH3	Loss
F190419204302-YH157-Ge-CLN	GNAS	Gain
F190420204550-CLN-KY596-K736	ERBB2	Gain
F190420204550-CLN-KY596-K736	CDK12	Gain
F190420204550-CLN-KY596-K736	CDKN2A	Loss
F190420204550-CLN-KY596-K736	MECOM	Gain
F190421204901-Ge-CLN	PTK2	Gain
F190421204901-Ge-CLN	MCL1	Gain
F190421204901-Ge-CLN	TTF1	Gain
F190421204937-Ge-CLN	MCL1	Gain
F190424205757-Ge-CLN	FGFR1	Gain
F190424205894-Ge-CLN	AKT1	Gain
F190424205894-Ge-CLN	FGFR1	Gain
F190424205894-Ge-CLN	CDK6	Gain
F190424205894-Ge-CLN	MYCL	Gain
F190424205894-Ge-CLN	MECOM	Gain
F190424205894-Ge-CLN	RPTOR	Gain
F190424205894-Ge-CLN	CDK8	Gain
F190424205894-Ge-CLN	SOX2	Gain
F190425206203-Ge-CLN	FGFR1	Gain
F190425206203-Ge-CLN	ZNF703	Gain
F190425206203-Ge-CLN	MCL1	Gain
F190425206203-Ge-CLN	PD-L1	Gain
F190426206520-Ge-CLN	LRP1B	Loss
F190426206520-Ge-CLN	VEGFA	Gain
F190430207766-Ge-CLN	TERC	Gain
F190430207766-Ge-CLN	SOX2	Gain
F190430207766-Ge-CLN	MECOM	Gain
F190430207766-Ge-CLN	MCL1	Gain
F190430207766-Ge-CLN	PIK3CA	Gain
F190501208009-Ge-CLN	EGFR	Gain
F190501208009-Ge-CLN	MDM2	Gain
F190501208009-Ge-CLN	CDKN2A	Loss
F190501208009-Ge-CLN	CDKN2B	Loss
F190501208009-Ge-CLN	PTEN	Loss
F190501208009-Ge-CLN	TERT	Gain
F190501208377-Ge-CLN	ERBB2	Gain
F190501208377-Ge-CLN	CCND1	Gain
F190501208377-Ge-CLN	FGF19	Gain
F190501208377-Ge-CLN	MCL1	Gain
F190501208377-Ge-CLN	TERC	Gain
F190501208377-Ge-CLN	SOX2	Gain
F190501208377-Ge-CLN	MDM2	Gain
F190501208377-Ge-CLN	MECOM	Gain
F190501208377-Ge-CLN	YAP1	Gain
F190508209373-CLN	MCL1	Gain
F190508209373-CLN	PIK3CA	Gain
F190508209373-CLN	MECOM	Gain
F190508209488-CLN-K736	MCL1	Gain
F190508209488-CLN-K736	IL7R	Gain
F190508209488-CLN-K736	AMER1	Loss
F190508209488-CLN-K736	RICTOR	Gain
F190508209488-CLN-K736	NFE2L2	Gain
F190509209995-CLN-K780	EGFR	Gain
F190510210628-Ge-CLN	MYC	Gain
F190510210628-Ge-CLN	DLL3	Gain
F190510210628-Ge-CLN	CCNE1	Gain
F190510210628-Ge-CLN	YAP1	Gain
FA195A0040-A3A7AA6XBF1-A001L000	CCNE1	Gain
FA195A0040-A3A7AA6XBF1-A001L000	NFE2L2	Gain
FA195A0040-A3A7AA6XBF1-A001L000	TERC	Gain
FA195A0040-A3A7AA6XBF1-A001L000	MECOM	Gain
FA195A0040-A3A7AA6XBF1-A001L000	SOX2	Gain
FA195A0040-A3A7AA6XBF1-A001L000	PIK3CA	Gain
FA196F0049-A3A7AA8XCF1-A001L000K746	SOX2	Gain
FA196F0049-A3A7AA8XCF1-A001L000K746	PIK3CA	Gain
FA196F0049-A3A7AA8XCF1-A001L000K746	TERC	Gain
FA196F0049-A3A7AA8XCF1-A001L000K746	MECOM	Gain
FA196F0049-A3A7AA8XCF1-A001L000K746	RECQL4	Gain
FA196F0049-A3A7AA8XCF1-A001L000K746	PTK2	Gain
FA196F0049-A3A7AA8XCF1-A001L000K746	MDM2	Gain
FB195C0013-A3A7AA2XBF1-A001L000	CDKN2B	Loss
FB195C0013-A3A7AA2XBF1-A001L000	CDKN2A	Loss
FB195C0013-A3A7AA2XBF1-A001L000	CRKL	Gain
FB195D0136-A3A7AA2XBF1-A001L000K736	MYC	Gain
FB195D0136-A3A7AA2XBF1-A001L000K736	SOX2	Gain
FB195D0136-A3A7AA2XBF1-A001L000K736	CCND1	Gain
FB195D0136-A3A7AA2XBF1-A001L000K736	FGF19	Gain
FB195D0136-A3A7AA2XBF1-A001L000K736	PIK3CA	Gain
FB195D0136-A3A7AA2XBF1-A001L000K736	MECOM	Gain
FB195D0247-A3A7AA2XBF1-A001L000	MYCL	Gain
FB195N0437-A3A7AA1XBF1-A002L000	ERBB2	Gain
FB195N0437-A3A7AA1XBF1-A002L000	FGFR1	Gain
FB195N0437-A3A7AA1XBF1-A002L000	CDK12	Gain
FB195N0437-A3A7AA1XBF1-A002L000	ZNF703	Gain
FB195N0437-A3A7AA1XBF1-A002L000	SOX2	Gain
FB195N0437-A3A7AA1XBF1-A002L000	MECOM	Gain
FB195Q0250-A3A7AA7XBF1-A001L000	FGFR1	Gain
FB195Q0250-A3A7AA7XBF1-A001L000	CCND1	Gain
FB195Q0250-A3A7AA7XBF1-A001L000	FGF19	Gain
FB195Q0250-A3A7AA7XBF1-A001L000	SOX2	Gain
FB195Q0250-A3A7AA7XBF1-A001L000	TERC	Gain
FB195Q0250-A3A7AA7XBF1-A001L000	PIK3CA	Gain
FB195Q0250-A3A7AA7XBF1-A001L000	MECOM	Gain
FB195Q0250-A3A7AA7XBF1-A001L000	ZNF703	Gain
FB195T0068-A3A7AA1XKF1-A001L000	NKX2-1	Gain
FB195T0068-A3A7AA1XKF1-A001L000	KDM5A	Gain
FB195U0338-A3A7AA2XKF1-A001L000K736	MDM2	Gain
FB195V0104-A3A7AA3XKF1-A001L000	CDKN2B	Loss
FB195V0104-A3A7AA3XKF1-A001L000	CDKN2A	Loss
FB195W0274-A3A7AA1XKF1-A001L000	AKT1	Gain
FB195W0274-A3A7AA1XKF1-A001L000	AKT3	Gain
FB195W0274-A3A7AA1XKF1-A001L000	FGFR1	Gain
FB195W0274-A3A7AA1XKF1-A001L000	NKX2-1	Gain
FB195W0274-A3A7AA1XKF1-A001L000	FGF19	Gain
FB195W0274-A3A7AA1XKF1-A001L000	CCND1	Gain
FB195W0274-A3A7AA1XKF1-A001L000	TERC	Gain
FB195W0274-A3A7AA1XKF1-A001L000	FGFR4	Gain
FB195W0274-A3A7AA1XKF1-A001L000	SOX2	Gain
FB195W0274-A3A7AA1XKF1-A001L000	ZNF703	Gain
FB195W0274-A3A7AA1XKF1-A001L000	PIK3CA	Gain
FB195W0274-A3A7AA1XKF1-A001L000	CRKL	Gain
FB195W0274-A3A7AA1XKF1-A001L000	MCL1	Gain
FB195W0274-A3A7AA1XKF1-A001L000	MECOM	Gain
FB195W0274-A3A7AA1XKF1-A001L000	NSD1	Gain
FB195W0274-A3A7AA1XKF1-A001L000	MYC	Gain
FB195W0274-A3A7AA1XKF1-A001L000	SRC	Gain
FB195W0274-A3A7AA1XKF1-A001L000	BRD4	Gain
FB195W0274-A3A7AA1XKF1-A001L000	MYCN	Gain
FB195W0274-A3A7AA1XKF1-A001L000	MLH1	Loss
FB195W0274-A3A7AA1XKF1-A001L000	SDHB	Loss
FB195W0274-A3A7AA1XKF1-A001L000	HGF	Gain
FB195W0274-A3A7AA1XKF1-A001L000	MDM2	Gain
FB195W0274-A3A7AA1XKF1-A001L000	KRAS	Gain
FB19610109-A3A7AA2XBF1-A001L000	CCND1	Gain
FB19610109-A3A7AA2XBF1-A001L000	FGF19	Gain
FB19630033-A3A7AA1XKF1-A001L000K736	PTPRD	Loss
FB196B0178-A3A7AA1XKF1-A001L000	SOX2	Gain
FB196B0178-A3A7AA1XKF1-A001L000	PIK3CA	Gain
FB196B0178-A3A7AA1XKF1-A001L000	TERC	Gain
FB196B0178-A3A7AA1XKF1-A001L000	MECOM	Gain
FB196B0178-A3A7AA1XKF1-A001L000	DLL3	Gain
FB196M0233-A3A7AA7XKF1-A001L000K665	MET	Gain
FB196M0233-A3A7AA7XKF1-A001L000K665	MCL1	Gain
FB196M0233-A3A7AA7XKF1-A001L000K665	MYC	Gain
FB196M0233-A3A7AA7XKF1-A001L000K665	TERC	Gain
FB196M0233-A3A7AA7XKF1-A001L000K665	SOX2	Gain
FB196M0233-A3A7AA7XKF1-A001L000K665	PIK3CA	Gain
FB196M0233-A3A7AA7XKF1-A001L000K665	ZNF217	Gain
FB196M0233-A3A7AA7XKF1-A001L000K665	RECQL4	Gain
FB196M0233-A3A7AA7XKF1-A001L000K665	ZNF703	Gain
FB196M0233-A3A7AA7XKF1-A001L000K665	HGF	Gain
FB196M0233-A3A7AA7XKF1-A001L000K665	GNAS	Gain
FB196M0233-A3A7AA7XKF1-A001L000K665	CDK6	Gain
FB196M0233-A3A7AA7XKF1-A001L000K665	HRAS	Gain
FB196M0233-A3A7AA7XKF1-A001L000K665	BRAF	Gain
FB196M0233-A3A7AA7XKF1-A001L000K665	PARK2	Loss
FB196M0233-A3A7AA7XKF1-A001L000K665	DLL3	Gain
FB196M0233-A3A7AA7XKF1-A001L000K665	ABCB1	Gain
FB196M0233-A3A7AA7XKF1-A001L000K665	PTK2	Gain
FB196M0233-A3A7AA7XKF1-A001L000K665	MECOM	Gain
FB196R0245-A3A7AA1XKF1-A001L000K736	AKT2	Gain
FB196R0245-A3A7AA1XKF1-A001L000K736	PIK3CA	Gain
FB196R0245-A3A7AA1XKF1-A001L000K736	SOX2	Gain
FB196R0245-A3A7AA1XKF1-A001L000K736	TERC	Gain
FB196R0245-A3A7AA1XKF1-A001L000K736	BRD4	Gain
FB196R0245-A3A7AA1XKF1-A001L000K736	MECOM	Gain
FB196R0245-A3A7AA1XKF1-A001L000K736	DLL3	Gain
FB196R0245-A3A7AA1XKF1-A001L000K736	FGF19	Gain
FB196R0245-A3A7AA1XKF1-A001L000K736	CCND1	Gain
FB196R0245-A3A7AA1XKF1-A001L000K736	KDM5A	Gain
FB196R0245-A3A7AA1XKF1-A001L000K736	RRM1	Gain
FB196R0245-A3A7AA1XKF1-A001L000K736	KIT	Gain
FB196R0245-A3A7AA1XKF1-A001L000K736	PDGFRA	Gain
FB196R0245-A3A7AA1XKF1-A001L000K736	PIK3R2	Gain
FB196R0245-A3A7AA1XKF1-A001L000K736	KRAS	Gain
FB196R0245-A3A7AA1XKF1-A001L000K736	MYC	Gain
FB196R0343-A3A7AA1XKF1-A001L000	RB1	Loss
FB196R0343-A3A7AA1XKF1-A001L000	SOX2	Gain
FB196R0343-A3A7AA1XKF1-A001L000	PIK3CA	Gain
FB196R0343-A3A7AA1XKF1-A001L000	TERC	Gain
FB196R0343-A3A7AA1XKF1-A001L000	MECOM	Gain
FB196S0238-A3A7AA5XKF1-A001L000	CDKN2B	Loss
FB196S0238-A3A7AA5XKF1-A001L000	CDKN2A	Loss
FB196T0234-A3A7AA2XKF1-A001L000	MYCL	Gain
FB19700271-A3A7AA8XKF1-A001L000	STK11	Loss
FB19700271-A3A7AA8XKF1-A001L000	PTK2	Gain
FB19700271-A3A7AA8XKF1-A001L000	MYC	Gain
FB19700271-A3A7AA8XKF1-A001L000	RECQL4	Gain
FB19700271-A3A7AA8XKF1-A001L000	CUL3	Loss
FB19700271-A3A7AA8XKF1-A001L000	NOTCH1	Loss
FB19700271-A3A7AA8XKF1-A001L000	TOP1	Gain
FB19730066-A3A7AA1XKF1-A001L000	TERC	Gain
FB19730066-A3A7AA1XKF1-A001L000	SOX2	Gain
FB19730066-A3A7AA1XKF1-A001L000	PIK3CA	Gain
FB19730066-A3A7AA1XKF1-A001L000	MECOM	Gain
FB19730066-A3A7AA1XKF1-A001L000	MYC	Gain
FB19730066-A3A7AA1XKF1-A001L000	PARK2	Loss
FB19730066-A3A7AA1XKF1-A001L000	RICTOR	Gain
FB19730285-A3A7AA6XKF1-A001L000	TP53	Loss
FB19730285-A3A7AA6XKF1-A001L000	SOX2	Gain
FB19730285-A3A7AA6XKF1-A001L000	KDM5A	Gain
FB19730285-A3A7AA6XKF1-A001L000	FBXW7	Loss
FB19730285-A3A7AA6XKF1-A001L000	NCOR1	Loss
FB19730285-A3A7AA6XKF1-A001L000	TGFBR2	Loss
FB19730285-A3A7AA6XKF1-A001L000	TERT	Gain
FB19730285-A3A7AA6XKF1-A001L000	IL7R	Gain
FB19730285-A3A7AA6XKF1-A001L000	TERC	Gain
FB19730285-A3A7AA6XKF1-A001L000	MYCL	Gain
FB19730285-A3A7AA6XKF1-A001L000	VHL	Loss
FB19730285-A3A7AA6XKF1-A001L000	MAX	Loss
FB19730285-A3A7AA6XKF1-A001L000	KRAS	Gain
FB19730285-A3A7AA6XKF1-A001L000	NFE2L2	Gain
FB19760137-A3A7AA1XKF1-A001L000K736	CCNE1	Gain
FB19760137-A3A7AA1XKF1-A001L000K736	CDKN2A	Loss
FB19760137-A3A7AA1XKF1-A001L000K736	CDKN2B	Loss
FB19760137-A3A7AA1XKF1-A001L000K736	SOX2	Gain
FB19760137-A3A7AA1XKF1-A001L000K736	PTEN	Loss
FB19760137-A3A7AA1XKF1-A001L000K736	TERC	Gain
FB19760137-A3A7AA1XKF1-A001L000K736	PIK3CA	Gain
FB19760137-A3A7AA1XKF1-A001L000K736	HGF	Gain
FB19760252-A3A7AA1XKF1-A001L000K736	EGFR	Gain
FB19760252-A3A7AA1XKF1-A001L000K736	CCND1	Gain
FB19760252-A3A7AA1XKF1-A001L000K736	FGF19	Gain
FB19760252-A3A7AA1XKF1-A001L000K736	MCL1	Gain
FB19760252-A3A7AA1XKF1-A001L000K736	MYC	Gain
FB19760252-A3A7AA1XKF1-A001L000K736	BRD4	Gain
FB19760252-A3A7AA1XKF1-A001L000K736	CDKN2A	Loss
FB19760252-A3A7AA1XKF1-A001L000K736	MECOM	Gain
FB19760252-A3A7AA1XKF1-A001L000K736	TERC	Gain
FB19760252-A3A7AA1XKF1-A001L000K736	PIK3R2	Gain
FB19760252-A3A7AA1XKF1-A001L000K736	DLL3	Gain
FB19760252-A3A7AA1XKF1-A001L000K736	NFE2L2	Gain
FB19760252-A3A7AA1XKF1-A001L000K736	ZNF703	Gain
FB197A0183-A3A7AA5XKF1-A001L000	FGFR1	Gain
FB197A0183-A3A7AA5XKF1-A001L000	ZNF703	Gain
FB197A0183-A3A7AA5XKF1-A001L000	SOX2	Gain
FB197A0183-A3A7AA5XKF1-A001L000	PIK3CA	Gain
FB197A0183-A3A7AA5XKF1-A001L000	TERC	Gain
FB197A0183-A3A7AA5XKF1-A001L000	MECOM	Gain
FB197A0183-A3A7AA5XKF1-A001L000	IL7R	Gain
FB197A0183-A3A7AA5XKF1-A001L000	ALK	Gain
FB197A0183-A3A7AA5XKF1-A001L000	RICTOR	Gain
FB197A0183-A3A7AA5XKF1-A001L000	DDR2	Gain
FB197A0183-A3A7AA5XKF1-A001L000	NTRK1	Gain
FB197A0183-A3A7AA5XKF1-A001L000	TERT	Gain
FB197A0183-A3A7AA5XKF1-A001L000	MCL1	Gain
FB197A0243-A3A7AA5XKF1-A001L000	FGFR1	Gain
FB197A0243-A3A7AA5XKF1-A001L000	SOX2	Gain
FB197A0243-A3A7AA5XKF1-A001L000	ZNF703	Gain
FB197A0243-A3A7AA5XKF1-A001L000	PIK3CA	Gain
FB197A0243-A3A7AA5XKF1-A001L000	RECQL4	Gain
FB197A0243-A3A7AA5XKF1-A001L000	TUBB3	Gain
FB197A0243-A3A7AA5XKF1-A001L000	MYC	Gain
FB197B0077-A3A7AA6XKF1-A001L000	FGFR1	Gain
FB197B0077-A3A7AA6XKF1-A001L000	CDKN2A	Loss
FB197B0077-A3A7AA6XKF1-A001L000	ZNF703	Gain
FB197B0077-A3A7AA6XKF1-A001L000	SOX2	Gain
FB197B0077-A3A7AA6XKF1-A001L000	MECOM	Gain
FB197B0077-A3A7AA6XKF1-A001L000	PIK3CA	Gain
FB197B0077-A3A7AA6XKF1-A001L000	TERC	Gain
FC195M0080-A3A7AA8XBF1-A001L000	SOX2	Gain
FC195V0115-A3A7AA3XKF1-A001L000	SOX2	Gain
FC195V0115-A3A7AA3XKF1-A001L000	PIK3CA	Gain
FC195V0115-A3A7AA3XKF1-A001L000	PTEN	Loss
FC195V0115-A3A7AA3XKF1-A001L000	CDKN2A	Loss
FC195V0115-A3A7AA3XKF1-A001L000	MECOM	Gain
FC195V0115-A3A7AA3XKF1-A001L000	NFE2L2	Gain
T190104175224-CLN-KY499	FGFR1	Gain
T190104175224-CLN-KY499	PTK2	Gain
T190104175224-CLN-KY499	MYC	Gain
T190104175224-CLN-KY499	ZNF703	Gain
T190104175224-CLN-KY499	RICTOR	Gain
T190104175224-CLN-KY499	IL7R	Gain
T190104175224-CLN-KY499	NKX2-1	Gain
T190104175224-CLN-KY499	TERT	Gain
T190104175224-CLN-KY499	RECQL4	Gain
T190104175224-CLN-KY499	KDM5A	Gain
T190104175224-CLN-KY499	PTPRD	Loss
T190104175224-CLN-KY499	FAT1	Loss
T190104175224-CLN-KY499	DLL3	Gain
T190104175224-CLN-KY499	KRAS	Gain
T190116178235-Ge-CLN	AKT1	Gain
T190116178235-Ge-CLN	FGFR1	Gain
T190116178235-Ge-CLN	CDKN2A	Loss
T190116178235-Ge-CLN	ZNF703	Gain
T190226187818-Ge-CLN	PTPRD	Loss
T190510210421-Ge-CLN	AKT2	Gain
T190510210421-Ge-CLN	DLL3	Gain
T190510210421-Ge-CLN	SOX2	Gain
T190510210421-Ge-CLN	PIK3CA	Gain
T190510210421-Ge-CLN	SMAD4	Loss
T190510210421-Ge-CLN	MECOM	Gain
T190510210421-Ge-CLN	CDKN2A	Loss
T190510210421-Ge-CLN	PARK2	Loss
T190510210421-Ge-CLN	CDKN2B	Loss
T190510210421-Ge-CLN	SMAD2	Loss
T190510210421-Ge-CLN	TERC	Gain
T190510210421-Ge-CLN	DDR2	Gain
T190510210421-Ge-CLN	NTRK1	Gain
TA195N0290-D2A7AA9XBF1-A001L000	FGFR1	Gain
TA195N0290-D2A7AA9XBF1-A001L000	CCND1	Gain
TA195N0290-D2A7AA9XBF1-A001L000	FGF19	Gain
TA195N0290-D2A7AA9XBF1-A001L000	CDKN2A	Loss
TA195N0290-D2A7AA9XBF1-A001L000	CDKN2B	Loss
TA195N0290-D2A7AA9XBF1-A001L000	MYC	Gain
TA195N0290-D2A7AA9XBF1-A001L000	RECQL4	Gain
TA195N0290-D2A7AA9XBF1-A001L000	SOX2	Gain
TA195N0290-D2A7AA9XBF1-A001L000	PTK2	Gain
TA19640163-D2A7AA1XKF1-A001L000	FGFR1	Gain
TA19640163-D2A7AA1XKF1-A001L000	TERT	Gain
TA19640163-D2A7AA1XKF1-A001L000	SRC	Gain
TA19640163-D2A7AA1XKF1-A001L000	TOP1	Gain
TA19640163-D2A7AA1XKF1-A001L000	FGF19	Gain
TA19640163-D2A7AA1XKF1-A001L000	KDM5A	Gain
TA19640163-D2A7AA1XKF1-A001L000	AURKA	Gain
TA19640163-D2A7AA1XKF1-A001L000	RECQL4	Gain
TA19640163-D2A7AA1XKF1-A001L000	PTK2	Gain
TA19640163-D2A7AA1XKF1-A001L000	SOX2	Gain
TA19640163-D2A7AA1XKF1-A001L000	GNAS	Gain
TA19640163-D2A7AA1XKF1-A001L000	ZNF217	Gain
TA19640163-D2A7AA1XKF1-A001L000	MYC	Gain
TA19640163-D2A7AA1XKF1-A001L000	PTPRD	Loss
TA19640163-D2A7AA1XKF1-A001L000	CCND1	Gain
TA19640163-D2A7AA1XKF1-A001L000	FBXW7	Loss
TA19640163-D2A7AA1XKF1-A001L000	ZNF703	Gain
TA19640163-D2A7AA1XKF1-A001L000	IL7R	Gain
TF181122162857-YH093-Ge-F-CLN	MCL1	Gain
TF181122162857-YH093-Ge-F-CLN	RET	Gain
TF181122162857-YH093-Ge-F-CLN	CDKN2A	Loss
TF181122162857-YH093-Ge-F-CLN	CDKN2B	Loss
TF181122162857-YH093-Ge-F-CLN	PTPRD	Loss
TF181122162857-YH093-Ge-F-CLN	NTRK1	Gain
TF181122162857-YH093-Ge-F-CLN	KRAS	Gain
TF181122162857-YH093-Ge-F-CLN	NFE2L2	Gain
TF181122162857-YH093-Ge-F-CLN	DLL3	Gain
TF181122162859-YH093-Ge-F-CLN	KRAS	Gain
TF181122162859-YH093-Ge-F-CLN	RECQL4	Gain
TF181122162859-YH093-Ge-F-CLN	GNAS	Gain
TF181122162859-YH093-Ge-F-CLN	ZNF217	Gain
TF181122162859-YH093-Ge-F-CLN	TERC	Gain
TF181122162859-YH093-Ge-F-CLN	SRC	Gain
TF181122162859-YH093-Ge-F-CLN	TOP1	Gain
TF181122162859-YH093-Ge-F-CLN	AURKA	Gain
TF181128164457-Ge-CLN	FGFR1	Gain
TF181128164457-Ge-CLN	SOX2	Gain
TF181128164457-Ge-CLN	PIK3CA	Gain
TF181128164457-Ge-CLN	TERC	Gain
TF181128164457-Ge-CLN	PD-L1	Gain
TF181128164457-Ge-CLN	MECOM	Gain
TF181128164457-Ge-CLN	JAK2	Gain
TF181128164457-Ge-CLN	PD-L2	Gain
TF181128164457-Ge-CLN	TERT	Gain
TF181128164457-Ge-CLN	RICTOR	Gain
TF181128164457-Ge-CLN	VEGFA	Gain
TF181128164457-Ge-CLN	IL7R	Gain
TF190110176499-YH093-Ge-F-CLN	MET	Gain
TF190110176499-YH093-Ge-F-CLN	FGFR1	Gain
TF190110176499-YH093-Ge-F-CLN	SOX2	Gain
TF190110176499-YH093-Ge-F-CLN	TERC	Gain
TF190110176499-YH093-Ge-F-CLN	MYC	Gain
TF190110176499-YH093-Ge-F-CLN	ZNF703	Gain
TF190110176499-YH093-Ge-F-CLN	PIK3CA	Gain
TF190110176499-YH093-Ge-F-CLN	PTK2	Gain
TF190110176499-YH093-Ge-F-CLN	SMAD4	Loss
TF190110176499-YH093-Ge-F-CLN	RECQL4	Gain
TF190110176499-YH093-Ge-F-CLN	MECOM	Gain
TF190110176499-YH093-Ge-F-CLN	KDM5A	Gain
TF190110176499-YH093-Ge-F-CLN	IL7R	Gain
TF190110176499-YH093-Ge-F-CLN	RICTOR	Gain
TF190110176499-YH093-Ge-F-CLN	JAK2	Gain
TF190110176499-YH093-Ge-F-CLN	AMER1	Loss
TF190110176499-YH093-Ge-F-CLN	ZNF217	Gain
TF190110176499-YH093-Ge-F-CLN	MCL1	Gain
TF190110176499-YH093-Ge-F-CLN	KRAS	Gain
TF190306190359-Ge-CLN	FGFR1	Gain
TF190306190359-Ge-CLN	CCNE1	Gain
TF190306190359-Ge-CLN	PTPRD	Loss
TF190306190359-Ge-CLN	ZNF703	Gain
TF190306190359-Ge-CLN	IL7R	Gain
TF190306190359-Ge-CLN	SOX2	Gain
TF190306190359-Ge-CLN	PIK3CA	Gain
TF190306190359-Ge-CLN	MYC	Gain
TF190418203528-Ge-CLN	TERC	Gain
TF190418203528-Ge-CLN	MECOM	Gain
TF190418203528-Ge-CLN	SOX2	Gain
TF190418203528-Ge-CLN	PIK3CA	Gain
TX19700356-D2A7AA8XKF1-A001L000K764	EGFR	Gain
TX19700356-D2A7AA8XKF1-A001L000K764	TERT	Gain
TX19700356-D2A7AA8XKF1-A001L000K764	CCND1	Gain
TX19700356-D2A7AA8XKF1-A001L000K764	FGF19	Gain
TX19700356-D2A7AA8XKF1-A001L000K764	MDM2	Gain
TX19700356-D2A7AA8XKF1-A001L000K764	CDKN2A	Loss
TX19700356-D2A7AA8XKF1-A001L000K764	CDKN2B	Loss
