SampleID	Gene	VariantClass
FB196E0004-A3A7B26XKF1-A006L000	KRAS	oncogenic mutation
FB19760472-A3A7AA5XKF1-A001L000	EGFR	oncogenic mutation
TB195D0097-D2A7AA2XBF1-A001L000K665	KRAS	oncogenic mutation
FB196T0302-A3A7AA2XKF1-A001L000K736	KRAS	oncogenic mutation
FC195T0099-A3A7AA1XKF1-A001L000	EGFR	oncogenic mutation
FC195T0099-A3A7AA1XKF1-A001L000	PIK3CA	oncogenic mutation
FB196J0212-A3A7AA6XKF1-A001L000K736	EGFR	oncogenic mutation
TB196C0274-D2A7AA9XKF1-A001L000K764	EGFR	oncogenic mutation
TA196K0016-D2A7AA8XKF1-A001L000K764	KRAS	oncogenic mutation
TA196K0016-D2A7AA8XKF1-A001L000K764	FLT3	oncogenic mutation
FB196G0030-A3A7AA3XCF1-A001L000	EGFR	oncogenic mutation
FB19790109-A3A7AA7XKF1-A001L000K736K764	EGFR	oncogenic mutation
FB196J0148-A3A7AA6XKF1-A001L000K736	KRAS	oncogenic mutation
FB196J0148-A3A7AA6XKF1-A001L000K736	PIK3CA	oncogenic mutation
FB19700174-A3A7AA8XKF1-A001L000	PIK3CA	oncogenic mutation
FB196N0310-A3A7AA1XKF1-A001L000	EGFR	oncogenic mutation
FB196M0224-A3A7AA7XKF1-A001L000K665	EGFR	oncogenic mutation
FB196M0224-A3A7AA7XKF1-A001L000K665	TP53	oncogenic mutation
TB195P0076-D2A7AA5XBF1-A001L000	EGFR	oncogenic mutation
FB196S0442-A3A7AA5XKF1-A001L000	EGFR	oncogenic mutation
FC195L0071-A3A7AA3XBF1-A001L000	KRAS	oncogenic mutation
FC196K0064-A3A7AA8XKF1-A001L000	EGFR	oncogenic mutation
FB195A0298-A3A7AA6XBF1-A001L000	PIK3CA	oncogenic mutation
FB196L0005-A3A7AA9XKF1-A001L000	KRAS	oncogenic mutation
FB19790084-A3A7AA7XKF1-A001L000K764	EGFR	oncogenic mutation
F190510210453-Ge-CLN	KRAS	oncogenic mutation
FB196S0436-A3A7AA5XKF1-A001L000	EGFR	oncogenic mutation
FC195N0120-A3A7AA1XBF1-A001L000	KRAS	oncogenic mutation
FB195A0131-A3A7AA6XBF1-A001L000	EGFR	oncogenic mutation
TA195M0220-D2A7AA8XBF1-A001L000	PIK3CA	oncogenic mutation
FB196L0222-A3A7AA9XKF1-A001L000	PIK3CA	oncogenic mutation
FA195F0266-A3A7AA3XBF1-A001L000	PIK3CA	oncogenic mutation
FB195F0323-A3A7AA3XBF1-A001L000	KRAS	oncogenic mutation
FB195F0323-A3A7AA3XBF1-A001L000	TP53	oncogenic mutation
FB19750405-A3A7AA9XKF1-A001L000K736	EGFR	oncogenic mutation
FB196D0252-A3A7AA3XKF1-A001L000	EGFR	oncogenic mutation
FB196D0252-A3A7AA3XKF1-A001L000	PIK3CA	oncogenic mutation
FB196J0123-A3A7AA1XKF1-A001L000	EGFR	oncogenic mutation
FB196B0076-A3A7AA1XKF1-A001L000K287	EGFR	oncogenic mutation
FC19750385-A3A7AA9XKF1-A001L000K736	KRAS	oncogenic mutation
FB19690080-A3A7AA9XKF1-A001L000	BRAF	oncogenic mutation
FB19750053-A3A7AA9XKF1-A001L000K665	EGFR	oncogenic mutation
FB19750053-A3A7AA9XKF1-A001L000K665	CTNNB1	oncogenic mutation
FB196F0122-A3A7AA8XCF1-A001L000	ERBB2	oncogenic mutation
FB19650212-A3A7AA8XKF2-A001L000K693	EGFR	oncogenic mutation
FB195D0037-A3A7AA2XBF1-A001L000K736	EGFR	oncogenic mutation
TB195U0223-D2A7AA2XKF1-A001L000	KRAS	oncogenic mutation
FB195A0433-A3A7AA1XBF1-A001L000	CDKN2A	oncogenic mutation
FB196S0386-A3A7AA5XKF1-A001L000	ALK	oncogenic mutation
FB19620184-A3A7AA3XKF1-A001L000	PIK3CA	oncogenic mutation
FB19620184-A3A7AA3XKF1-A001L000	PIK3CA	oncogenic mutation
FB19610238-A3A7AA2XBF1-A001L000	EGFR	oncogenic mutation
FB19610238-A3A7AA2XBF1-A001L000	EGFR	oncogenic mutation
FB19610238-A3A7AA2XBF1-A001L000	EGFR	oncogenic mutation
FB19610238-A3A7AA2XBF1-A001L000	EGFR	oncogenic mutation
FB195H0181-A3A7AA1XBF1-A001L000	KRAS	oncogenic mutation
FB19760177-A3A7AA1XKF1-A001K736K764	EGFR	oncogenic mutation
TB196B0095-D2A7AA1XKF1-A001L000K665	EGFR	oncogenic mutation
TB196C0269-D2A7AA9XKF1-A001L000	KRAS	oncogenic mutation
FB195V0420-A3A7AA3XKF1-A001L000	TP53	oncogenic mutation
TA195U0072-D2A7AA2XKF1-A001L000	EGFR	oncogenic mutation
FB195T0104-A3A7AA1XKF1-A002L000	EGFR	oncogenic mutation
FB195T0104-A3A7AA1XKF1-A002L000	PIK3CA	oncogenic mutation
FB196M0053-A3A7AA7XKF1-A001L000	KRAS	oncogenic mutation
FC196M0340-A3A7AA7XKF1-A001L000	EGFR	oncogenic mutation
FB19740314-A3A7AA2XKF1-A001L000	NRAS	oncogenic mutation
FB195U0334-A3A7AA2XKF1-A001L000K736	EGFR	oncogenic mutation
FC19730396-A3A7AA6XKF1-A001L000	BRAF	oncogenic mutation
FB195V0266-A3A7AA3XKF1-A001L000	EGFR	oncogenic mutation
FB195V0266-A3A7AA3XKF1-A001L000	MET	oncogenic mutation
TA19750242-D2A7AA3XKF1-A001L000K764	EGFR	oncogenic mutation
TB195U0119-D2A7AA2XKF1-A001L000	EGFR	oncogenic mutation
FB196D0091-A3A7AA3XKF1-A001L000	KRAS	oncogenic mutation
FB196V0043-A3A7AA7XKF1-A001L000	EGFR	oncogenic mutation
FB195W0404-A3A7AA1XKF1-A001L000K736	EGFR	oncogenic mutation
FB195W0404-A3A7AA1XKF1-A001L000K736	TP53	oncogenic mutation
TB195N0443-D2A7AA1XBF1-A001L000	KRAS	oncogenic mutation
TA195N0302-D2A7AA9XBF1-A001L000K736	EGFR	oncogenic mutation
FB195N0043-A3A7AA1XBF1-A001L000K764	EGFR	oncogenic mutation
FB195M0287-A3A7AA2XBF1-A001L000	EGFR	oncogenic mutation
FB195M0287-A3A7AA2XBF1-A001L000	EGFR	oncogenic mutation
TA19610280-D2A7AA2XBF1-A001L000	KRAS	oncogenic mutation
FB195P0099-A3A7AA5XBF1-A001L000	EGFR	oncogenic mutation
FB195P0099-A3A7AA5XBF1-A001L000	PIK3CA	oncogenic mutation
FB195T0135-A3A7AA9XKF1-A001L000	KRAS	oncogenic mutation
FB19790091-A3A7AA7XKF1-A002L000K370	BRAF	oncogenic mutation
FA197C0195-A3A7AA7XKF1-A001L000	EGFR	oncogenic mutation
FB195H0297-A3A7AA1XBF1-A001L000	MAP2K1	oncogenic mutation
FB195H0297-A3A7AA1XBF1-A001L000	PIK3CA	oncogenic mutation
TA196E0036-D2A7AA6XKF1-A002L000	EGFR	oncogenic mutation
TA196E0036-D2A7AA6XKF1-A002L000	EGFR	oncogenic mutation
FB19670191-A3A7AA1XKF1-A001L000	KRAS	oncogenic mutation
FB195E0234-A3A7AA1XBF1-A001L000	KRAS	oncogenic mutation
FB195E0234-A3A7AA1XBF1-A001L000	TP53	oncogenic mutation
FB195E0176-A3A7AA8XBF1-A001L000	EGFR	oncogenic mutation
FB195M0020-A3A7AA8XBF1-A001L000	EGFR	oncogenic mutation
FC195V0092-A3A7AA3XKF1-A001L000	EGFR	oncogenic mutation
FC195V0092-A3A7AA3XKF1-A001L000	PIK3CA	oncogenic mutation
FC195V0233-A3A7AA3XKF1-A001L000	TP53	oncogenic mutation
FB196F0061-A3A7AA8XCF1-A001L000	EGFR	oncogenic mutation
FB196S0422-A3A7AA5XKF1-A001L000	EGFR	oncogenic mutation
FB19760008-A3A7AA5XKF1-A001L000	ERBB2	oncogenic mutation
FB19760008-A3A7AA5XKF1-A001L000	BRAF	oncogenic mutation
TA195N0166-D2A7AA9XBF1-A001L000	EGFR	oncogenic mutation
FB197C0047-A3A7AA7XKF1-A001L000	EGFR	oncogenic mutation
FB195L0117-A3A7AA3XBF1-A001L000	EGFR	oncogenic mutation
FB195L0117-A3A7AA3XBF1-A001L000	EGFR	oncogenic mutation
FB197C0338-A3A7AA7XKF1-A001L000	KRAS	oncogenic mutation
F190510210295-Ge-CLN	EGFR	oncogenic mutation
FB195R0014-A3A7AA8XBF1-A001L000	KRAS	oncogenic mutation
FB19700018-A3A7AA8XKF1-A001L000	KRAS	oncogenic mutation
FB19700018-A3A7AA8XKF1-A001L000	PIK3CA	oncogenic mutation
FB196J0067-A3A7AA1XKF1-A001L000	EGFR	oncogenic mutation
FB195N0026-A3A7AA9XBF1-A001L000	BRAF	oncogenic mutation
FB197A0127-A3A7B15XKF1-A006L000K595	EGFR	oncogenic mutation
T190306190394-YH093-Ge-F-CLN	KRAS	oncogenic mutation
F190306190401-Ge-CLN	EGFR	oncogenic mutation
F190306190401-Ge-CLN	KEAP1	oncogenic mutation
F190306190326-Ge-CLN	EGFR	oncogenic mutation
T190308191092-Ge-CLN	AKT1	oncogenic mutation
F181124163633-Ge-CLN	PIK3CA	oncogenic mutation
F190424205693-CLN-K693	KRAS	oncogenic mutation
F190226187901-CLN-KY665	EGFR	oncogenic mutation
F190226187901-CLN-KY665	EGFR	oncogenic mutation
F190226187901-CLN-KY665	TP53	oncogenic mutation
TF190217185243-YH093-Ge-F-CLN	KRAS	oncogenic mutation
TF190217185243-YH093-Ge-F-CLN	ERBB3	oncogenic mutation
TF190217185243-YH093-Ge-F-CLN	PTEN	oncogenic mutation
T190201182793-Ge-CLN	KRAS	oncogenic mutation
F190301189227-Ge-CLN	EGFR	oncogenic mutation
F190301189227-Ge-CLN	PIK3CA	oncogenic mutation
F190301189227-Ge-CLN	PIK3CA	oncogenic mutation
F181215169896-Ge-CLN	KRAS	oncogenic mutation
TF190301188986-Ge-CLN	EGFR	oncogenic mutation
F181203166131-Ge-CLN	KRAS	oncogenic mutation
TF190307190791-CLN-KY665	PIK3CA	oncogenic mutation
TF190307190791-CLN-KY665	TP53	oncogenic mutation
F190313192464-Ge-CLN	EGFR	oncogenic mutation
F190309191484-Ge-CLN	KRAS	oncogenic mutation
F190329197337-CLN-K736	KRAS	oncogenic mutation
TF190509209686-Ge-CLN	EGFR	oncogenic mutation
F190222186899-Ge-CLN	EGFR	oncogenic mutation
F190222186899-Ge-CLN	ERBB2	oncogenic mutation
F190222186899-Ge-CLN	PIK3CA	oncogenic mutation
F190322195433-CLN-K764	EGFR	oncogenic mutation
F190307190959-CLN-K736	KRAS	oncogenic mutation
F190420204468-Ge-CLN	EGFR	oncogenic mutation
F190412201699-CLN-K736	EGFR	oncogenic mutation
F190412201699-CLN-K736	CDKN2A	oncogenic mutation
TF190105175464-CLN	EGFR	oncogenic mutation
F190330197790-Ge-CLN	KRAS	oncogenic mutation
F181117161877-Ge-CLN	KRAS	oncogenic mutation
F190507209078-Ge-CLN	KRAS	oncogenic mutation
F181129164877-Ge-CLN	CDKN2A	oncogenic mutation
F181129164877-Ge-CLN	NFE2L2	oncogenic mutation
F190321195093-Ge-CLN	KRAS	oncogenic mutation
F190430207665-CLN-KY665	EGFR	oncogenic mutation
F190320194564-Ge-CLN	EGFR	oncogenic mutation
F190407200319-Ge-CLN	EGFR	oncogenic mutation
F190407200319-Ge-CLN	PIK3CA	oncogenic mutation
F190405199584-Ge-CLN	EGFR	oncogenic mutation
F190130182355-CLN-KY499	PIK3CA	oncogenic mutation
F181214169336-Ge-CLN	EGFR	oncogenic mutation
F190202183337-CLN	KRAS	oncogenic mutation
F190202183337-CLN	CBL	oncogenic mutation
F190427206941-Ge-CLN	KRAS	oncogenic mutation
F190427206941-Ge-CLN	CDKN2A	oncogenic mutation
F190306190572-CLN-K736	KRAS	oncogenic mutation
T190322195303-Ge-CLN	EGFR	oncogenic mutation
F190424205702-Ge-CLN	EGFR	oncogenic mutation
F190424205702-Ge-CLN	TP53	oncogenic mutation
F190131182672-Ge-CLN	CDKN2A	oncogenic mutation
T190324196181-CLN-K736	NFE2L2	oncogenic mutation
F190214184275-CLN-K736	TP53	oncogenic mutation
F190313192576-Ge-CLN	KRAS	oncogenic mutation
F190313192576-Ge-CLN	PIK3CA	oncogenic mutation
F190216184916-CLN-KY667	EGFR	oncogenic mutation
F190216184916-CLN-KY667	EGFR	oncogenic mutation
F190213183954-Ge-CLN	KRAS	oncogenic mutation
TF190412201575-Ge-CLN	KRAS	oncogenic mutation
F181218170698-Ge-CLN	EGFR	oncogenic mutation
TF190315193393-YH093-Ge-F-CLN	PIK3CA	oncogenic mutation
TF190315193393-YH093-Ge-F-CLN	TP53	oncogenic mutation
F190201182708-CLN-KY499	TP53	oncogenic mutation
F190313192598-Ge-CLN	KRAS	oncogenic mutation
F190313192598-Ge-CLN	IDH1	oncogenic mutation
TF190104175047-YH093-CLN-KY499-F	TP53	oncogenic mutation
T190414202336-Ge-CLN	EGFR	oncogenic mutation
T190508209516-CLN-K693	KRAS	oncogenic mutation
F190403198759-Ge-CLN	EGFR	oncogenic mutation
F190403198759-Ge-CLN	PIK3CA	oncogenic mutation
F190404199507-Ge-CLN	EGFR	oncogenic mutation
F190404199507-Ge-CLN	EGFR	oncogenic mutation
F190404199507-Ge-CLN	EGFR	oncogenic mutation
F181128164339-Ge-CLN	KRAS	oncogenic mutation
F181222172150-CLN-KY499	BRAF	oncogenic mutation
F181205166490-CLN	EGFR	oncogenic mutation
F181205166490-CLN	TP53	oncogenic mutation
F190225187646-Ge-CLN	KRAS	oncogenic mutation
F190106175827-Ge-CLN	TP53	oncogenic mutation
F181229173997-CLN-KY499	EGFR	oncogenic mutation
T181205166348-CLN	KRAS	oncogenic mutation
T190109176158-Ge-CLN	EGFR	oncogenic mutation
T190109176158-Ge-CLN	EGFR	oncogenic mutation
F190320194585-CLN-K696	EGFR	oncogenic mutation
F190320194585-CLN-K696	EGFR	oncogenic mutation
F190320194585-CLN-K696	PIK3CA	oncogenic mutation
F190322195447-Ge-CLN	EGFR	oncogenic mutation
F190110176602-Ge-CLN	KRAS	oncogenic mutation
F190131182395-CLN-KY667	EGFR	oncogenic mutation
F190406200120-CLN-K736	EGFR	oncogenic mutation
F190130182087-Ge-CLN	ERBB2	oncogenic mutation
F190130182087-Ge-CLN	KRAS	oncogenic mutation
F190326196318-CLN-K736	EGFR	oncogenic mutation
F190423205358-Ge-CLN	EGFR	oncogenic mutation
F190423205358-Ge-CLN	KRAS	oncogenic mutation
F190331198257-Ge-CLN	EGFR	oncogenic mutation
F190329197492-Ge-CLN	EGFR	oncogenic mutation
F190118179040-CLN	KRAS	oncogenic mutation
F190312192224-Ge-CLN	TP53	oncogenic mutation
F190414202511-YH155-Ge-CLN	KRAS	oncogenic mutation
T190405199655-Ge-CLN	EGFR	oncogenic mutation
F190413201985-Ge-CLN	EGFR	oncogenic mutation
F190412201406-Ge-CLN	KRAS	oncogenic mutation
F190412201406-Ge-CLN	NRAS	oncogenic mutation
T190501208187-Ge-CLN	EGFR	oncogenic mutation
T190501208187-Ge-CLN	EGFR	oncogenic mutation
T190501208187-Ge-CLN	MTOR	oncogenic mutation
F190113177971-CLN-KY499	KRAS	oncogenic mutation
F181121162808-Ge-CLN	EGFR	oncogenic mutation
F181121162808-Ge-CLN	ERBB2	oncogenic mutation
F190301189057-CLN-KY665	EGFR	oncogenic mutation
F190314192968-Ge-CLN	BRAF	oncogenic mutation
F181207167250-Ge-CLN	KRAS	oncogenic mutation
F190426206782-CLN-KY287	KRAS	oncogenic mutation
T190414202332-Ge-CLN	EGFR	oncogenic mutation
TF190307190692-CLN-JKY001	KRAS	oncogenic mutation
F190314192815-Ge-CLN	EGFR	oncogenic mutation
F190314192815-Ge-CLN	KRAS	oncogenic mutation
F190418203421-Ge-CLN	EGFR	oncogenic mutation
F190112177643-Ge-CLN	TP53	oncogenic mutation
F190322195300-Ge-CLN	EGFR	oncogenic mutation
F190322195300-Ge-CLN	EGFR	oncogenic mutation
F181213169038-Ge-CLN	EGFR	oncogenic mutation
F190502208602-Ge-CLN	EGFR	oncogenic mutation
F190201182844-Ge-CLN	EGFR	oncogenic mutation
T190217185229-Ge-CLN	EGFR	oncogenic mutation
T190217185229-Ge-CLN	CDKN2A	oncogenic mutation
T190217185229-Ge-CLN	PIK3CA	oncogenic mutation
F190322195246-Ge-CLN	KRAS	oncogenic mutation
F190104174931-Ge-CLN	KRAS	oncogenic mutation
F181228173787-CLN	EGFR	oncogenic mutation
F181228173787-CLN	EGFR	oncogenic mutation
F190424205696-Ge-CLN	EGFR	oncogenic mutation
F190421204848-Ge-CLN	KRAS	oncogenic mutation
F181122162943-CLN-KY665	EGFR	oncogenic mutation
F190418203520-Ge-CLN	PIK3CA	oncogenic mutation
F190418203520-Ge-CLN	TP53	oncogenic mutation
F190403198720-Ge-CLN	EGFR	oncogenic mutation
F190403198720-Ge-CLN	KRAS	oncogenic mutation
F190309191637-Ge-CLN	KRAS	oncogenic mutation
F181223172276-Ge-CLN	EGFR	oncogenic mutation
F190123180136-Ge-CLN	KRAS	oncogenic mutation
F181218170557-Ge-CLN	EGFR	oncogenic mutation
F181218170557-Ge-CLN	EGFR	oncogenic mutation
F181218170557-Ge-CLN	PIK3CA	oncogenic mutation
F181207167129-CLN-KY616	PIK3CA	oncogenic mutation
TF190401198513-CLN-KY736	ERBB2	oncogenic mutation
F190501208121-Ge-CLN	KRAS	oncogenic mutation
F190331198280-CLN	EGFR	oncogenic mutation
F190330197948-Ge-CLN	BRAF	oncogenic mutation
F190330197948-Ge-CLN	KRAS	oncogenic mutation
F190126181241-Ge-CLN	EGFR	oncogenic mutation
F190126181241-Ge-CLN	CDKN2A	oncogenic mutation
F190223187049-Ge-CLN	PIK3CA	oncogenic mutation
F190417203304-Ge-CLN	KRAS	oncogenic mutation
F190417203304-Ge-CLN	PIK3CA	oncogenic mutation
F181226172797-Ge-CLN	KRAS	oncogenic mutation
F190129181963-Ge-CLN	TP53	oncogenic mutation
F190411200980-CLN	EGFR	oncogenic mutation
F190322195527-Ge-CLN	ALK	oncogenic mutation
F190126181289-CLN-KY499	TP53	oncogenic mutation
F181214169750-Ge-CLN	EGFR	oncogenic mutation
F190211183630-Ge-CLN	EGFR	oncogenic mutation
T190421204958-Ge-CLN	PIK3CA	oncogenic mutation
F190430207564-Ge-CLN	EGFR	oncogenic mutation
F190303189791-Ge-CLN	PIK3CA	oncogenic mutation
F190411201198-Ge-CLN	EGFR	oncogenic mutation
T190427207161-Ge-CLN	KRAS	oncogenic mutation
F190124180600-Ge-CLN	KRAS	oncogenic mutation
F190124180600-Ge-CLN	PIK3CA	oncogenic mutation
TF190508209285-CLN-K736	EGFR	oncogenic mutation
TF190508209285-CLN-K736	EGFR	oncogenic mutation
F190314192937-Ge-CLN	EGFR	oncogenic mutation
F190420204566-Ge-CLN	EGFR	oncogenic mutation
F190506208902-Ge-CLN	TP53	oncogenic mutation
F190319194349-CLN-K736	EGFR	oncogenic mutation
T190501208195-Ge-CLN	EGFR	oncogenic mutation
F190324196137-Ge-CLN	TP53	oncogenic mutation
F190413201873-Ge-CLN	EGFR	oncogenic mutation
F190506208835-CLN-K693	EGFR	oncogenic mutation
F190418203368-CLN-K764	TP53	oncogenic mutation
F190430207547-Ge-CLN	KRAS	oncogenic mutation
F190420204465-Ge-CLN	KRAS	oncogenic mutation
F190216184834-Ge-CLN	KRAS	oncogenic mutation
F190216184834-Ge-CLN	HRAS	oncogenic mutation
F190308191373-Ge-CLN	EGFR	oncogenic mutation
F190308191373-Ge-CLN	TP53	oncogenic mutation
TF190120179625-CLN-KY452	KRAS	oncogenic mutation
F190410200739-Ge-CLN	PIK3CA	oncogenic mutation
F190326196377-CLN-KY693	KRAS	oncogenic mutation
F190326196377-CLN-KY693	PIK3CA	oncogenic mutation
F190326196377-CLN-KY693	GNAS	oncogenic mutation
F190314193087-Ge-CLN	EGFR	oncogenic mutation
F190307190708-Ge-CLN	PIK3CA	oncogenic mutation
TF190323195673-CLN-K746	TP53	oncogenic mutation
F190120179376-CLN	EGFR	oncogenic mutation
F181221171747-Ge-CLN	BRAF	oncogenic mutation
F190202183328-Ge-CLN	EGFR	oncogenic mutation
TF181122163043-YH093-Ge-F-CLN	EGFR	oncogenic mutation
F190403198640-Ge-CLN	BRAF	oncogenic mutation
F190129182035-Ge-CLN	EGFR	oncogenic mutation
F190129182035-Ge-CLN	PIK3CA	oncogenic mutation
F190412201670-CLN-K746-K736	EGFR	oncogenic mutation
F190131182610-CLN-KY499	PIK3CA	oncogenic mutation
F190327196676-CLN-KY287	CDKN2A	oncogenic mutation
F190120179372-Ge-CLN	KRAS	oncogenic mutation
F190120179372-Ge-CLN	IDH2	oncogenic mutation
F190120179372-Ge-CLN	PIK3CA	oncogenic mutation
F190430207813-YH155-Ge-CLN	EGFR	oncogenic mutation
F181212168389-Ge-CLN	KRAS	oncogenic mutation
FB19730271-A3A7C11XKF1-A002L000K764	PIK3CA	oncogenic mutation
FB196R0316-A3A7C11XKF1-A002L000	EGFR	oncogenic mutation
FB196R0316-A3A7C11XKF1-A002L000	EGFR	oncogenic mutation
F190223187222-CLN-K736-Pu-Lu	KRAS	oncogenic mutation
F190427206944-CLN-K736-Pu-Lu	AKT1	oncogenic mutation
FB196E0180-A3A7C11XKF1-A002L000Y011	TP53	oncogenic mutation
T190503208698-CLN-K736-Pu-Lu	KRAS	oncogenic mutation
FB19730013-A3A7C11XKF1-A002L000	PIK3CA	oncogenic mutation
FB195V0242-A3A7AA3XKF1-A001L000	PIK3CA	oncogenic mutation
FB196D0133-A3A7AA3XKF1-A001L000K736K764	TP53	oncogenic mutation
FD196T0064-A3A7AA6XKF1-A001L000Y093	PIK3CA	oncogenic mutation
FB19760252-A3A7AA1XKF1-A001L000K736	TP53	oncogenic mutation
FB195T0068-A3A7AA1XKF1-A001L000	KRAS	oncogenic mutation
FB196R0343-A3A7AA1XKF1-A001L000	LZTR1	oncogenic mutation
FB196T0234-A3A7AA2XKF1-A001L000	KRAS	oncogenic mutation
FB195N0437-A3A7AA1XBF1-A002L000	TP53	oncogenic mutation
FB195D0247-A3A7AA2XBF1-A001L000	FGFR3	oncogenic mutation
FB195D0247-A3A7AA2XBF1-A001L000	KRAS	oncogenic mutation
FB195D0247-A3A7AA2XBF1-A001L000	PIK3CA	oncogenic mutation
FB195D0247-A3A7AA2XBF1-A001L000	PIK3CA	oncogenic mutation
FB195D0247-A3A7AA2XBF1-A001L000	PIK3CA	oncogenic mutation
FB195D0247-A3A7AA2XBF1-A001L000	RAF1	oncogenic mutation
FB195D0247-A3A7AA2XBF1-A001L000	TP53	oncogenic mutation
FB195W0274-A3A7AA1XKF1-A001L000	FBXW7	oncogenic mutation
F181223172342-CLN-RT	TP53	oncogenic mutation
F181129164893-CLN-KY665	PIK3CA	oncogenic mutation
F181223172417-CLN-KY499	EGFR	oncogenic mutation
F181223172417-CLN-KY499	MEF2B	oncogenic mutation
F181223172417-CLN-KY499	MYD88	oncogenic mutation
TF181122162859-YH093-Ge-F-CLN	PIK3CA	oncogenic mutation
T190104175224-CLN-KY499	GNAS	oncogenic mutation
T190104175224-CLN-KY499	KEAP1	oncogenic mutation
F181212168740-Ge-CLN	PIK3CA	oncogenic mutation
F190109176311-CLN-KY499	PIK3CA	oncogenic mutation
F190425206203-Ge-CLN	RAF1	oncogenic mutation
F190413201845-Ge-CLN	PIK3CA	oncogenic mutation
F190314193224-Ge-CLN	PIK3CA	oncogenic mutation
F190403198853-Ge-CLN	TP53	oncogenic mutation
F190320194658-Ge-CLN	KRAS	oncogenic mutation
TF181227173158-Ge-CLN	TP53	oncogenic mutation
TF181122162857-YH093-Ge-F-CLN	KRAS	oncogenic mutation
F190227188258-Ge-CLN	PIK3CA	oncogenic mutation
F190228188528-Ge-CLN	KRAS	oncogenic mutation
T190322195236-CLN	PIK3CA	oncogenic mutation
F190508209488-CLN-K736	EGFR	oncogenic mutation
F181121162746-Ge-CLN	PIK3CA	oncogenic mutation
F190313192543-Ge-CLN	PIK3CA	oncogenic mutation
F190411200917-Ge-CLN	TP53	oncogenic mutation
F181127164249-Ge-CLN	PIK3CA	oncogenic mutation
F190420204550-CLN-KY596-K736	KRAS	oncogenic mutation
F190420204550-CLN-KY596-K736	PTEN	oncogenic mutation
F181123163452-Ge-CLN	EGFR	oncogenic mutation
F190421204901-Ge-CLN	HRAS	oncogenic mutation
F190430207766-Ge-CLN	PIK3CA	oncogenic mutation
