SampleID	Group	PDL1_Group
F181123163366-CLN-KY665	ADC	<1%
F181124163633-Ge-CLN	ADC	<1%
F181124163649-CLN-KY499	ADC	<1%
F181124163958-CLN-KY499	ADC	<1%
F181129164877-Ge-CLN	ADC	<1%
F181130165272-CLN-KY665	ADC	<1%
F181207167129-CLN-KY616	ADC	<1%
F181207167250-Ge-CLN	ADC	<1%
F181211168102-Ge-CLN	ADC	<1%
F181212168389-Ge-CLN	ADC	<1%
F181212168394-CLN-KY499	ADC	<1%
F181212168735-Ge-CLN	ADC	<1%
F181213169038-Ge-CLN	ADC	<1%
F181218170519-Ge-CLN	ADC	<1%
F181218170557-Ge-CLN	ADC	<1%
F181219170966-CLN-KY665	ADC	<1%
F181222172150-CLN-KY499	ADC	<1%
F181223172276-Ge-CLN	ADC	<1%
F181227173449-Ge-CLN	ADC	<1%
F181228173787-CLN	ADC	<1%
F181228173793-CLN-KY572	ADC	<1%
F181229173855-Ge-CLN	ADC	<1%
F190103174825-CLN-KY499	ADC	<1%
F190105175500-CLN	ADC	<1%
F190106175827-Ge-CLN	ADC	<1%
F190111176854-Ge-CLN	ADC	<1%
F190112177726-CLN-KY696	ADC	<1%
F190112177829-CLN-KY499	ADC	<1%
F190116178373-CLN-KY499	ADC	<1%
F190118179040-CLN	ADC	<1%
F190120179376-CLN	ADC	<1%
F190124180579-Ge-CLN	ADC	<1%
F190124180600-Ge-CLN	ADC	<1%
F190125180895-Ge-CLN	ADC	<1%
F190125181020-Ge-CLN	ADC	<1%
F190125181212-CLN-KY499	ADC	<1%
F190126181289-CLN-KY499	ADC	<1%
F190127181758-CLN-KY499	ADC	<1%
F190129182035-Ge-CLN	ADC	<1%
F190130182087-Ge-CLN	ADC	<1%
F190131182395-CLN-KY667	ADC	<1%
F190131182479-Ge-CLN	ADC	<1%
F190131182610-CLN-KY499	ADC	<1%
F190131182672-Ge-CLN	ADC	<1%
F190201182708-CLN-KY499	ADC	<1%
F190201182774-Ge-CLN	ADC	<1%
F190201182844-Ge-CLN	ADC	<1%
F190201182856-Ge-CLN	ADC	<1%
F190202183295-CLN-KY293	ADC	<1%
F190202183337-CLN	ADC	<1%
F190203183508-CLN-KY667	ADC	<1%
F190213183954-Ge-CLN	ADC	<1%
F190214184153-Ge-CLN	ADC	<1%
F190216184916-CLN-KY667	ADC	<1%
F190219185677-CLN-KY616	ADC	<1%
F190221186268-CLN-K696	ADC	<1%
F190226187901-CLN-KY665	ADC	<1%
F190228188876-Ge-CLN	ADC	<1%
F190306190401-Ge-CLN	ADC	<1%
F190307190959-CLN-K736	ADC	<1%
F190308191373-Ge-CLN	ADC	<1%
F190308191380-CLN-K736-RT	ADC	<1%
F190312192215-Ge-CLN	ADC	<1%
F190313192598-Ge-CLN	ADC	<1%
F190314192937-Ge-CLN	ADC	<1%
F190314193087-Ge-CLN	ADC	<1%
F190315193419-CLN	ADC	<1%
F190315193454-CLN-K736	ADC	<1%
F190320194569-Ge-CLN	ADC	<1%
F190320194773-Ge-CLN	ADC	<1%
F190320194823-Ge-CLN	ADC	<1%
F190321194853-Ge-CLN	ADC	<1%
F190322195204-Ge-CLN	ADC	<1%
F190322195246-Ge-CLN	ADC	<1%
F190322195261-Ge-CLN	ADC	<1%
F190322195433-CLN-K764	ADC	<1%
F190322195447-Ge-CLN	ADC	<1%
F190323195612-Ge-CLN	ADC	<1%
F190324196137-Ge-CLN	ADC	<1%
F190326196318-CLN-K736	ADC	<1%
F190329197337-CLN-K736	ADC	<1%
F190330197790-Ge-CLN	ADC	<1%
F190331198257-Ge-CLN	ADC	<1%
F190402198584-Ge-CLN	ADC	<1%
F190403198640-Ge-CLN	ADC	<1%
F190403198720-Ge-CLN	ADC	<1%
F190403198859-CLN-KY370	ADC	<1%
F190404199507-Ge-CLN	ADC	<1%
F190405199584-Ge-CLN	ADC	<1%
F190406200120-CLN-K736	ADC	<1%
F190407200319-Ge-CLN	ADC	<1%
F190410200739-Ge-CLN	ADC	<1%
F190410200741-Ge-CLN	ADC	<1%
F190411200980-CLN	ADC	<1%
F190411201085-CLN	ADC	<1%
F190411201198-Ge-CLN	ADC	<1%
F190412201369-Ge-CLN	ADC	<1%
F190412201406-Ge-CLN	ADC	<1%
F190413201873-Ge-CLN	ADC	<1%
F190414202511-YH155-Ge-CLN	ADC	<1%
F190416202682-Ge-CLN	ADC	<1%
F190416202813-Ge-CLN	ADC	<1%
F190417203346-CLN	ADC	<1%
F190418203421-Ge-CLN	ADC	<1%
F190420204381-Ge-CLN	ADC	<1%
F190420204468-Ge-CLN	ADC	<1%
F190421205013-CLN	ADC	<1%
F190423205358-Ge-CLN	ADC	<1%
F190424205578-CLN-K736	ADC	<1%
F190424205693-CLN-K693	ADC	<1%
F190424205696-Ge-CLN	ADC	<1%
F190424205702-Ge-CLN	ADC	<1%
F190425206143-Ge-CLN	ADC	<1%
F190427206903-Ge-CLN	ADC	<1%
F190430207564-Ge-CLN	ADC	<1%
F190430207665-CLN-KY665	ADC	<1%
F190430207794-Ge-CLN	ADC	<1%
F190501208121-Ge-CLN	ADC	<1%
F190501208181-Ge-CLN	ADC	<1%
F190506208835-CLN-K693	ADC	<1%
F190507209171-CLN	ADC	<1%
F190507209273-CLN-RT	ADC	<1%
F190510210295-Ge-CLN	ADC	<1%
F190510210323-CLN	ADC	<1%
F190510210453-Ge-CLN	ADC	<1%
FA195F0266-A3A7AA3XBF1-A001L000	ADC	<1%
FA197C0195-A3A7AA7XKF1-A001L000	ADC	<1%
FB195A0131-A3A7AA6XBF1-A001L000	ADC	<1%
FB195A0433-A3A7AA1XBF1-A001L000	ADC	<1%
FB195B0070-A3A7AA3XBF1-A001L000	ADC	<1%
FB195E0234-A3A7AA1XBF1-A001L000	ADC	<1%
FB195F0323-A3A7AA3XBF1-A001L000	ADC	<1%
FB195H0128-A3A7AA1XBF1-A001L000K736	ADC	<1%
FB195H0171-A3A7AA1XBF1-A001L000	ADC	<1%
FB195L0192-A3A7AA3XBF1-A001L000	ADC	<1%
FB195M0020-A3A7AA8XBF1-A001L000	ADC	<1%
FB195M0287-A3A7AA2XBF1-A001L000	ADC	<1%
FB195M0382-A3A7AA2XBF1-A001L000	ADC	<1%
FB195N0026-A3A7AA9XBF1-A001L000	ADC	<1%
FB195N0043-A3A7AA1XBF1-A001L000K764	ADC	<1%
FB195N0110-A3A7AA9XBF1-A001L000	ADC	<1%
FB195P0099-A3A7AA5XBF1-A001L000	ADC	<1%
FB195P0156-A3A7AA5XBF1-A001L000K736	ADC	<1%
FB195R0014-A3A7AA8XBF1-A001L000	ADC	<1%
FB195R0038-A3A7AA8XBF1-A001L000	ADC	<1%
FB195U0270-A3A7AA2XKF1-A001L000	ADC	<1%
FB195U0334-A3A7AA2XKF1-A001L000K736	ADC	<1%
FB195V0420-A3A7AA3XKF1-A001L000	ADC	<1%
FB195W0129-A3A7AA1XKF1-A001L000	ADC	<1%
FB195W0160-A3A7AA1XKF1-A001L000	ADC	<1%
FB19610238-A3A7AA2XBF1-A001L000	ADC	<1%
FB19620172-A3A7AA3XKF1-A001L000	ADC	<1%
FB19640003-A3A7AA1XKF1-A001L000	ADC	<1%
FB19650003-A3A7AA8XKA1-A001L000	ADC	<1%
FB19650027-A3A7AA8XKA1-A001L000	ADC	<1%
FB19650132-A3A7AA2XKF1-A001L000K736	ADC	<1%
FB19650212-A3A7AA8XKF2-A001L000K693	ADC	<1%
FB196B0076-A3A7AA1XKF1-A001L000K287	ADC	<1%
FB196C0193-A3A7AA9XKF1-A001L000	ADC	<1%
FB196C0315-A3A7AA9XKF1-A001L000	ADC	<1%
FB196D0019-A3A7AA3XKF1-A001L000K736	ADC	<1%
FB196D0252-A3A7AA3XKF1-A001L000	ADC	<1%
FB196E0116-A3A7AA1XKF1-A001L000	ADC	<1%
FB196F0122-A3A7AA8XCF1-A001L000	ADC	<1%
FB196H0248-A3A7AA3XCF1-A001L000	ADC	<1%
FB196J0118-A3A7AA6XKF1-A001L000	ADC	<1%
FB196J0123-A3A7AA1XKF1-A001L000	ADC	<1%
FB196J0284-A3A7AA6XKF1-A001L000	ADC	<1%
FB196M0053-A3A7AA7XKF1-A001L000	ADC	<1%
FB196N0003-A3A7AA1XKF1-A001L000	ADC	<1%
FB196N0029-A3A7AA1XKF1-A001L000	ADC	<1%
FB196S0386-A3A7AA5XKF1-A001L000	ADC	<1%
FB196S0436-A3A7AA5XKF1-A001L000	ADC	<1%
FB196T0302-A3A7AA2XKF1-A001L000K736	ADC	<1%
FB19750053-A3A7AA9XKF1-A001L000K665	ADC	<1%
FB19750405-A3A7AA9XKF1-A001L000K736	ADC	<1%
FB19760008-A3A7AA5XKF1-A001L000	ADC	<1%
FB19760217-A3A7AA1XKF1-A001L000	ADC	<1%
FB19760472-A3A7AA5XKF1-A001L000	ADC	<1%
FB19790084-A3A7AA7XKF1-A001L000K764	ADC	<1%
FB19790091-A3A7AA7XKF1-A002L000K370	ADC	<1%
FB19790109-A3A7AA7XKF1-A001L000K736K764	ADC	<1%
FB197C0047-A3A7AA7XKF1-A001L000	ADC	<1%
FC195F0231-A3A7AA3XBF1-A001L000	ADC	<1%
FC195L0071-A3A7AA3XBF1-A001L000	ADC	<1%
FC195N0120-A3A7AA1XBF1-A001L000	ADC	<1%
FC195N0183-A3A7AA1XBF1-A001L000	ADC	<1%
FC195T0099-A3A7AA1XKF1-A001L000	ADC	<1%
FC195V0092-A3A7AA3XKF1-A001L000	ADC	<1%
FC195V0233-A3A7AA3XKF1-A001L000	ADC	<1%
FC196K0064-A3A7AA8XKF1-A001L000	ADC	<1%
FC196M0340-A3A7AA7XKF1-A001L000	ADC	<1%
FC19730396-A3A7AA6XKF1-A001L000	ADC	<1%
FD195R0073-A3A7AA9XKF1-A001L000Y093K746	ADC	<1%
T181205166348-CLN	ADC	<1%
T181210167918-Ge-CLN	ADC	<1%
T181210167922-Ge-CLN	ADC	<1%
T190109176158-Ge-CLN	ADC	<1%
T190126181265-Ge-CLN	ADC	<1%
T190217185229-Ge-CLN	ADC	<1%
T190223187153-Ge-CLN	ADC	<1%
T190224187483-YH093-F-CLN	ADC	<1%
T190303189802-CLN-KY477	ADC	<1%
T190322195235-CLN-KY616	ADC	<1%
T190322195303-Ge-CLN	ADC	<1%
T190324196181-CLN-K736	ADC	<1%
T190414202354-Ge-CLN	ADC	<1%
T190421204857-Ge-CLN	ADC	<1%
T190421204958-Ge-CLN	ADC	<1%
T190424205769-YH093-Ge-F-CLN	ADC	<1%
T190427207161-Ge-CLN	ADC	<1%
T190428207262-Ge-CLN	ADC	<1%
T190501208187-Ge-CLN	ADC	<1%
T190501208193-Ge-CLN	ADC	<1%
T190507209121-CLN-K693	ADC	<1%
TA195A0547-D2A7AA3XBF1-A001L000	ADC	<1%
TA195F0179-D2A7AA3XBF1-A001L000	ADC	<1%
TA195N0166-D2A7AA9XBF1-A001L000	ADC	<1%
TA195N0302-D2A7AA9XBF1-A001L000K736	ADC	<1%
TA195V0238-D2A7AA3XKF1-A001L000	ADC	<1%
TA196K0016-D2A7AA8XKF1-A001L000K764	ADC	<1%
TA19750242-D2A7AA3XKF1-A001L000K764	ADC	<1%
TB195D0097-D2A7AA2XBF1-A001L000K665	ADC	<1%
TB195P0238-D2A7AA5XBF1-A001L000	ADC	<1%
TB195U0119-D2A7AA2XKF1-A001L000	ADC	<1%
TB195U0223-D2A7AA2XKF1-A001L000	ADC	<1%
TB19680042-D2A7AA5XKF1-A001L000K287	ADC	<1%
TB196C0274-D2A7AA9XKF1-A001L000K764	ADC	<1%
TB196C0407-D2A7AA9XKF1-A001L000K764	ADC	<1%
TB196K0170-D2A7AA8XKF1-A001L000	ADC	<1%
TF181122163043-YH093-Ge-F-CLN	ADC	<1%
TF181207167213-CLN-KY646	ADC	<1%
TF190104175047-YH093-CLN-KY499-F	ADC	<1%
TF190117178681-Ge-CLN	ADC	<1%
TF190120179428-Ge-CLN	ADC	<1%
TF190120179625-CLN-KY452	ADC	<1%
TF190307190692-CLN-JKY001	ADC	<1%
TF190314193071-Ge-CLN	ADC	<1%
TF190315193393-YH093-Ge-F-CLN	ADC	<1%
TF190322195357-CLN-K746	ADC	<1%
TF190323195673-CLN-K746	ADC	<1%
TF190401198513-CLN-KY736	ADC	<1%
TF190414202403-Ge-CLN	ADC	<1%
TF190508209285-CLN-K736	ADC	<1%
TF190509209686-Ge-CLN	ADC	<1%
F181117161877-Ge-CLN	ADC	1%-49%
F181122162943-CLN-KY665	ADC	1%-49%
F181123163602-CLN-KY503	ADC	1%-49%
F181128164339-Ge-CLN	ADC	1%-49%
F181129164910-Ge-CLN	ADC	1%-49%
F181211168172-Ge-CLN	ADC	1%-49%
F181214169336-Ge-CLN	ADC	1%-49%
F181214169563-Ge-CLN	ADC	1%-49%
F181214169750-Ge-CLN	ADC	1%-49%
F181215170040-Ge-CLN	ADC	1%-49%
F181218170698-Ge-CLN	ADC	1%-49%
F181226172797-Ge-CLN	ADC	1%-49%
F181229173997-CLN-KY499	ADC	1%-49%
F190101174774-CLN-KY499	ADC	1%-49%
F190104174931-Ge-CLN	ADC	1%-49%
F190112177515-CLN-KY499	ADC	1%-49%
F190112177643-Ge-CLN	ADC	1%-49%
F190113178033-CLN-JKY001-KY499	ADC	1%-49%
F190116178531-Ge-CLN	ADC	1%-49%
F190120179372-Ge-CLN	ADC	1%-49%
F190123180136-Ge-CLN	ADC	1%-49%
F190126181241-Ge-CLN	ADC	1%-49%
F190126181495-Ge-CLN	ADC	1%-49%
F190130182228-Ge-CLN	ADC	1%-49%
F190203183502-CLN-KY667	ADC	1%-49%
F190211183630-Ge-CLN	ADC	1%-49%
F190212183762-Ge-CLN	ADC	1%-49%
F190214184275-CLN-K736	ADC	1%-49%
F190222186882-Ge-CLN	ADC	1%-49%
F190223187049-Ge-CLN	ADC	1%-49%
F190223187136-Ge-CLN	ADC	1%-49%
F190225187646-Ge-CLN	ADC	1%-49%
F190301189057-CLN-KY665	ADC	1%-49%
F190301189189-Ge-CLN	ADC	1%-49%
F190301189227-Ge-CLN	ADC	1%-49%
F190303189791-Ge-CLN	ADC	1%-49%
F190303189907-CLN	ADC	1%-49%
F190303189911-CLN	ADC	1%-49%
F190306190326-Ge-CLN	ADC	1%-49%
F190306190336-CLN-K736	ADC	1%-49%
F190306190572-CLN-K736	ADC	1%-49%
F190307190708-Ge-CLN	ADC	1%-49%
F190308191075-Ge-CLN	ADC	1%-49%
F190308191243-Ge-CLN	ADC	1%-49%
F190309191484-Ge-CLN	ADC	1%-49%
F190312192224-Ge-CLN	ADC	1%-49%
F190313192576-Ge-CLN	ADC	1%-49%
F190314192815-Ge-CLN	ADC	1%-49%
F190314192968-Ge-CLN	ADC	1%-49%
F190316193784-Ge-CLN	ADC	1%-49%
F190320194564-Ge-CLN	ADC	1%-49%
F190320194585-CLN-K696	ADC	1%-49%
F190322195300-Ge-CLN	ADC	1%-49%
F190326196377-CLN-KY693	ADC	1%-49%
F190327196676-CLN-KY287	ADC	1%-49%
F190329197379-Ge-CLN	ADC	1%-49%
F190329197449-Ge-CLN	ADC	1%-49%
F190329197492-Ge-CLN	ADC	1%-49%
F190330197772-Ge-CLN	ADC	1%-49%
F190330197800-Ge-CLN	ADC	1%-49%
F190403198759-Ge-CLN	ADC	1%-49%
F190403199007-Ge-CLN	ADC	1%-49%
F190412201670-CLN-K746-K736	ADC	1%-49%
F190412201699-CLN-K736	ADC	1%-49%
F190413201985-Ge-CLN	ADC	1%-49%
F190417203304-Ge-CLN	ADC	1%-49%
F190418203368-CLN-K764	ADC	1%-49%
F190418203520-Ge-CLN	ADC	1%-49%
F190419203974-Ge-CLN	ADC	1%-49%
F190420204465-Ge-CLN	ADC	1%-49%
F190420204566-Ge-CLN	ADC	1%-49%
F190425206061-Ge-CLN	ADC	1%-49%
F190425206080-Ge-CLN	ADC	1%-49%
F190427206941-Ge-CLN	ADC	1%-49%
F190428207407-Ge-CLN	ADC	1%-49%
F190430207813-YH155-Ge-CLN	ADC	1%-49%
F190502208602-Ge-CLN	ADC	1%-49%
F190506208902-Ge-CLN	ADC	1%-49%
F190507209078-Ge-CLN	ADC	1%-49%
F190507209215-Ge-CLN	ADC	1%-49%
F190509209703-Ge-CLN	ADC	1%-49%
FA19660139-A3A7AA3XKF1-A001L000	ADC	1%-49%
FB195A0298-A3A7AA6XBF1-A001L000	ADC	1%-49%
FB195D0037-A3A7AA2XBF1-A001L000K736	ADC	1%-49%
FB195D0067-A3A7AA2XBF1-A001L000K736	ADC	1%-49%
FB195D0143-A3A7AA2XBF1-A001L000	ADC	1%-49%
FB195H0297-A3A7AA1XBF1-A001L000	ADC	1%-49%
FB195L0244-A3A7AA3XBF1-A001L000	ADC	1%-49%
FB195Q0373-A3A7AA3XBF1-A001L000K736	ADC	1%-49%
FB195T0104-A3A7AA1XKF1-A002L000	ADC	1%-49%
FB195U0207-A3A7AA2XKF1-A001L000	ADC	1%-49%
FB195V0266-A3A7AA3XKF1-A001L000	ADC	1%-49%
FB195W0404-A3A7AA1XKF1-A001L000K736	ADC	1%-49%
FB195W0420-A3A7AA1XKF1-A001L000	ADC	1%-49%
FB19620033-A3A7AA3XKF1-A001L000	ADC	1%-49%
FB19620098-A3A7AA3XKF1-A001L000	ADC	1%-49%
FB19620184-A3A7AA3XKF1-A001L000	ADC	1%-49%
FB19670191-A3A7AA1XKF1-A001L000	ADC	1%-49%
FB19680089-A3A7AA5XKF1-A001L000	ADC	1%-49%
FB196C0083-A3A7AA9XKF1-A001L000	ADC	1%-49%
FB196D0364-A3A7AA3XKF1-A001L000	ADC	1%-49%
FB196E0004-A3A7B26XKF1-A006L000	ADC	1%-49%
FB196E0100-A3A7AA1XKF1-A001L000	ADC	1%-49%
FB196F0038-A3A7AA8XCF1-A002L000	ADC	1%-49%
FB196F0061-A3A7AA8XCF1-A001L000	ADC	1%-49%
FB196G0030-A3A7AA3XCF1-A001L000	ADC	1%-49%
FB196J0067-A3A7AA1XKF1-A001L000	ADC	1%-49%
FB196J0148-A3A7AA6XKF1-A001L000K736	ADC	1%-49%
FB196J0212-A3A7AA6XKF1-A001L000K736	ADC	1%-49%
FB196K0326-A3A7AA8XKF1-A001L000	ADC	1%-49%
FB196L0222-A3A7AA9XKF1-A001L000	ADC	1%-49%
FB196M0224-A3A7AA7XKF1-A001L000K665	ADC	1%-49%
FB196N0310-A3A7AA1XKF1-A001L000	ADC	1%-49%
FB196S0361-A3A7AA5XKF1-A001L000	ADC	1%-49%
FB196S0422-A3A7AA5XKF1-A001L000	ADC	1%-49%
FB196S0442-A3A7AA5XKF1-A001L000	ADC	1%-49%
FB196V0043-A3A7AA7XKF1-A001L000	ADC	1%-49%
FB196V0048-A3A7AA7XKF1-A001L000	ADC	1%-49%
FB196V0065-A3A7AA7XKF1-A001L000Y155	ADC	1%-49%
FB19700174-A3A7AA8XKF1-A001L000	ADC	1%-49%
FB19760120-A3A7AA5XKF1-A001L000	ADC	1%-49%
FB19760177-A3A7AA1XKF1-A001K736K764	ADC	1%-49%
FB197B0291-A3A7AA6XKF1-A001L000	ADC	1%-49%
FB197C0338-A3A7AA7XKF1-A001L000	ADC	1%-49%
FC195M0068-A3A7AA8XBF1-A001L000	ADC	1%-49%
FC196K0122-A3A7AA8XKF1-A001L000	ADC	1%-49%
FC19750385-A3A7AA9XKF1-A001L000K736	ADC	1%-49%
FD19750158-A3A7AA5XKF1-A001L000Y093K665	ADC	1%-49%
T190301189177-Ge-CLN	ADC	1%-49%
T190306190394-YH093-Ge-F-CLN	ADC	1%-49%
T190308191092-Ge-CLN	ADC	1%-49%
T190322195273-Ge-CLN	ADC	1%-49%
T190405199655-Ge-CLN	ADC	1%-49%
T190414202332-Ge-CLN	ADC	1%-49%
T190414202336-Ge-CLN	ADC	1%-49%
T190424205481-Ge-CLN	ADC	1%-49%
T190501208067-Ge-CLN	ADC	1%-49%
T190501208195-Ge-CLN	ADC	1%-49%
T190506208884-Ge-CLN	ADC	1%-49%
T190508209516-CLN-K693	ADC	1%-49%
TA195M0220-D2A7AA8XBF1-A001L000	ADC	1%-49%
TA195U0072-D2A7AA2XKF1-A001L000	ADC	1%-49%
TA19610280-D2A7AA2XBF1-A001L000	ADC	1%-49%
TA196K0156-D2A7AA8XKF1-A001L000K736	ADC	1%-49%
TB195P0076-D2A7AA5XBF1-A001L000	ADC	1%-49%
TB196B0095-D2A7AA1XKF1-A001L000K665	ADC	1%-49%
TB196C0269-D2A7AA9XKF1-A001L000	ADC	1%-49%
TB19750061-D2A7AA3XKF1-A001L000K665	ADC	1%-49%
TF190105175464-CLN	ADC	1%-49%
TF190301188986-Ge-CLN	ADC	1%-49%
TF190307190791-CLN-KY665	ADC	1%-49%
TF190412201575-Ge-CLN	ADC	1%-49%
TF190509209876-Ge-CLN	ADC	1%-49%
TX195F0261-D2A7AA3XBF1-A001L000	ADC	1%-49%
F181121162808-Ge-CLN	ADC	>=50%
F181125164136-Ge-CLN	ADC	>=50%
F181201165493-Ge-CLN	ADC	>=50%
F181203166131-Ge-CLN	ADC	>=50%
F181205166490-CLN	ADC	>=50%
F181215169896-Ge-CLN	ADC	>=50%
F181221171747-Ge-CLN	ADC	>=50%
F190104175122-CLN-KY499	ADC	>=50%
F190105175625-Ge-CLN	ADC	>=50%
F190110176602-Ge-CLN	ADC	>=50%
F190113177971-CLN-KY499	ADC	>=50%
F190125181092-Ge-CLN	ADC	>=50%
F190129181963-Ge-CLN	ADC	>=50%
F190130182355-CLN-KY499	ADC	>=50%
F190202183328-Ge-CLN	ADC	>=50%
F190216184834-Ge-CLN	ADC	>=50%
F190221186355-Ge-CLN	ADC	>=50%
F190222186899-Ge-CLN	ADC	>=50%
F190226187928-Ge-CLN	ADC	>=50%
F190309191637-Ge-CLN	ADC	>=50%
F190310191995-CLN-KY287	ADC	>=50%
F190313192464-Ge-CLN	ADC	>=50%
F190319194349-CLN-K736	ADC	>=50%
F190321195093-Ge-CLN	ADC	>=50%
F190322195527-Ge-CLN	ADC	>=50%
F190330197948-Ge-CLN	ADC	>=50%
F190331198280-CLN	ADC	>=50%
F190403198659-Ge-CLN	ADC	>=50%
F190403198976-CLN-KY287	ADC	>=50%
F190405199722-Ge-CLN	ADC	>=50%
F190412201480-Ge-CLN	ADC	>=50%
F190418203472-Ge-CLN	ADC	>=50%
F190421204848-Ge-CLN	ADC	>=50%
F190425206055-Ge-CLN	ADC	>=50%
F190426206782-CLN-KY287	ADC	>=50%
F190430207547-Ge-CLN	ADC	>=50%
F190509209756-Ge-CLN	ADC	>=50%
F190509210055-Ge-CLN	ADC	>=50%
FA196C0130-A3A7AA9XKF1-A001L000	ADC	>=50%
FB195E0176-A3A7AA8XBF1-A001L000	ADC	>=50%
FB195E0286-A3A7AA1XBF1-A001L000	ADC	>=50%
FB195H0181-A3A7AA1XBF1-A001L000	ADC	>=50%
FB195L0117-A3A7AA3XBF1-A001L000	ADC	>=50%
FB195N0294-A3A7AA1XBF1-A001L000K736	ADC	>=50%
FB195T0135-A3A7AA9XKF1-A001L000	ADC	>=50%
FB195U0182-A3A7AA2XKF1-A001L000	ADC	>=50%
FB19620111-A3A7AA3XKF1-A001L000	ADC	>=50%
FB19690080-A3A7AA9XKF1-A001L000	ADC	>=50%
FB196C0167-A3A7AA9XKF1-A001L000	ADC	>=50%
FB196D0091-A3A7AA3XKF1-A001L000	ADC	>=50%
FB196J0179-A3A7AA6XKF1-A001L000	ADC	>=50%
FB196K0221-A3A7AA8XKF1-A001L000K764	ADC	>=50%
FB196L0005-A3A7AA9XKF1-A001L000	ADC	>=50%
FB196Q0065-A3A7AA2XKF1-A001L000K665K736	ADC	>=50%
FB196R0138-A3A7AA1XKF1-A001L000K665	ADC	>=50%
FB19700018-A3A7AA8XKF1-A001L000	ADC	>=50%
FB19740314-A3A7AA2XKF1-A001L000	ADC	>=50%
FB197A0127-A3A7B15XKF1-A006L000K595	ADC	>=50%
T190201182793-Ge-CLN	ADC	>=50%
TA195B0015-D2A7AA3XBF1-A001L000K746	ADC	>=50%
TA196E0036-D2A7AA6XKF1-A002L000	ADC	>=50%
TB195N0443-D2A7AA1XBF1-A001L000	ADC	>=50%
TB195U0132-D2A7AA2XKF1-A001L000K665	ADC	>=50%
TF190216185026-CLN-KY665	ADC	>=50%
TF190217185243-YH093-Ge-F-CLN	ADC	>=50%
F190301189351-CLN-K736-Pu-Lu	SCC	<1%
F190427206944-CLN-K736-Pu-Lu	SCC	<1%
F190320194767-Pu-Lu-CLN	SCC	<1%
F190408200373-CLN-K736-Pu-Lu	SCC	<1%
FB195W0350-A3A7C11XKF1-A002L000	SCC	<1%
F190509209795-CLN-K736-Pu-Lu	SCC	<1%
T190503208698-CLN-K736-Pu-Lu	SCC	<1%
FB19730013-A3A7C11XKF1-A002L000	SCC	<1%
TF190403198692-Pu-Lu-CLN	SCC	<1%
F190510210713-CLN-RT	SCC	<1%
TX19700356-D2A7AA8XKF1-A001L000K764	SCC	<1%
FB19630033-A3A7AA1XKF1-A001L000K736	SCC	<1%
FB195N0437-A3A7AA1XBF1-A002L000	SCC	<1%
FB195D0247-A3A7AA2XBF1-A001L000	SCC	<1%
FB19760137-A3A7AA1XKF1-A001L000K736	SCC	<1%
F190321194861-RT-CLN	SCC	<1%
TF181122162859-YH093-Ge-F-CLN	SCC	<1%
F190426206520-Ge-CLN	SCC	<1%
F181227173384-CLN-KY499	SCC	<1%
F190326196386-CLN-K736	SCC	<1%
F190301189167-Ge-CLN	SCC	<1%
TF181227173158-Ge-CLN	SCC	<1%
F190315193411-Ge-CLN	SCC	<1%
T190322195236-CLN	SCC	<1%
F190112177567-CLN-KY499	SCC	<1%
F190223186985-CLN-K736	SCC	<1%
F190419204302-YH157-Ge-CLN	SCC	<1%
F190420204550-CLN-KY596-K736	SCC	<1%
F190405199855-Ge-CLN	SCC	<1%
F190321195096-CLN-K736	SCC	<1%
F190112177720-CLN	SCC	<1%
F190403199060-CLN-K736	SCC	<1%
F190509209995-CLN-K780	SCC	<1%
FB19760131-A3A7C11XKF1-A002L000K764	SCC	<1%
TA19640163-D2A7AA1XKF1-A001L000	SCC	<1%
FB19760252-A3A7AA1XKF1-A001L000K736	SCC	<1%
FB195Q0250-A3A7AA7XBF1-A001L000	SCC	<1%
FB196J0326-A3A7AA6XKF1-A001L000K736	SCC	<1%
FB19700271-A3A7AA8XKF1-A001L000	SCC	<1%
FB195W0274-A3A7AA1XKF1-A001L000	SCC	<1%
F181223172342-CLN-RT	SCC	<1%
T190306190442-Ge-CLN	SCC	<1%
F181223172417-CLN-KY499	SCC	<1%
F190109176311-CLN-KY499	SCC	<1%
F190328197006-Ge-CLN	SCC	<1%
F190403198853-Ge-CLN	SCC	<1%
F190116178257-CLN-KY665	SCC	<1%
F190320194658-Ge-CLN	SCC	<1%
T190116178235-Ge-CLN	SCC	<1%
T190226187818-Ge-CLN	SCC	<1%
F190228188528-Ge-CLN	SCC	<1%
F181121162746-Ge-CLN	SCC	<1%
F190313192543-Ge-CLN	SCC	<1%
F181123163452-Ge-CLN	SCC	<1%
FB196M0233-A3A7AA7XKF1-A001L000K665	SCC	<1%
F190216184905-Ge-CLN	SCC	<1%
TF190110176499-YH093-Ge-F-CLN	SCC	<1%
FB196E0180-A3A7C11XKF1-A002L000Y011	SCC	<1%
FB19730294-A3A7AA6XKF1-A001L000	SCC	<1%
TA195N0290-D2A7AA9XBF1-A001L000	SCC	<1%
FA196F0049-A3A7AA8XCF1-A001L000K746	SCC	<1%
T190104175224-CLN-KY499	SCC	<1%
F181229174099-CLN-KY499	SCC	<1%
FB19730066-A3A7AA1XKF1-A001L000	SCC	<1%
F190421204901-Ge-CLN	SCC	<1%
F181223172340-CLN-KY593-Pu-Lu	SCC	<1%
T190510210421-Ge-CLN	SCC	<1%
F190501208009-Ge-CLN	SCC	<1%
FB196L0305-A3A7C19XKF1-A002L000K764	SCC	1%-49%
F190223187222-CLN-K736-Pu-Lu	SCC	1%-49%
F190418203440-Pu-Lu-CLN	SCC	1%-49%
F181215170029-Pu-Lu-CLN	SCC	1%-49%
F190307190845-Pu-Lu-CLN	SCC	1%-49%
FB19760112-A3A7C11XKF1-A002L000K764	SCC	1%-49%
FB195V0242-A3A7AA3XKF1-A001L000	SCC	1%-49%
FD196T0064-A3A7AA6XKF1-A001L000Y093	SCC	1%-49%
FC195V0115-A3A7AA3XKF1-A001L000	SCC	1%-49%
FB195C0013-A3A7AA2XBF1-A001L000	SCC	1%-49%
FB195V0104-A3A7AA3XKF1-A001L000	SCC	1%-49%
F190324196016-CLN-RT	SCC	1%-49%
F190314193224-Ge-CLN	SCC	1%-49%
F190417203055-CLN-K736	SCC	1%-49%
TF190418203528-Ge-CLN	SCC	1%-49%
F181220171422-Ge-CLN	SCC	1%-49%
F190328197130-CLN-K736	SCC	1%-49%
F190227188258-Ge-CLN	SCC	1%-49%
F181222172037-Ge-CLN	SCC	1%-49%
F190406200056-CLN-K736	SCC	1%-49%
F181123163542-CLN-KY499	SCC	1%-49%
F190424205757-Ge-CLN	SCC	1%-49%
F190501208377-Ge-CLN	SCC	1%-49%
F190105175302-Ge-CLN	SCC	1%-49%
F190329197251-Pu-Lu-CLN	SCC	1%-49%
FB197A0183-A3A7AA5XKF1-A001L000	SCC	1%-49%
FB196Q0177-A3A7AA2XKF1-A001L000K736K764	SCC	1%-49%
FB196R0343-A3A7AA1XKF1-A001L000	SCC	1%-49%
FB195U0338-A3A7AA2XKF1-A001L000K736	SCC	1%-49%
FC19670110-A3A7AA1XKF1-A001L000	SCC	1%-49%
FB196B0178-A3A7AA1XKF1-A001L000	SCC	1%-49%
FB196S0238-A3A7AA5XKF1-A001L000	SCC	1%-49%
FB197A0243-A3A7AA5XKF1-A001L000	SCC	1%-49%
TF190306190359-Ge-CLN	SCC	1%-49%
TF181128164457-Ge-CLN	SCC	1%-49%
F190215184636-CLN-K736	SCC	1%-49%
F190425206203-Ge-CLN	SCC	1%-49%
F190413201845-Ge-CLN	SCC	1%-49%
F190303189770-Ge-CLN	SCC	1%-49%
F190217185270-Ge-CLN	SCC	1%-49%
FB19610109-A3A7AA2XBF1-A001L000	SCC	1%-49%
FB19730285-A3A7AA6XKF1-A001L000	SCC	1%-49%
F190317193993-CLN	SCC	1%-49%
F190404199339-Ge-CLN	SCC	1%-49%
F190421204937-Ge-CLN	SCC	1%-49%
F190430207766-Ge-CLN	SCC	1%-49%
F181207167363-Ge-CLN	SCC	1%-49%
F190424205894-Ge-CLN	SCC	1%-49%
TF181122162857-YH093-Ge-F-CLN	SCC	1%-49%
FB19730271-A3A7C11XKF1-A002L000K764	SCC	1%-49%
FB19700199-A3A7C18XKF1-A002L000K736K764	SCC	1%-49%
FB195A0252-A3A7C11XBF1-A002L000K736	SCC	>=50%
FB195D0136-A3A7AA2XBF1-A001L000K736	SCC	>=50%
FB197B0077-A3A7AA6XKF1-A001L000	SCC	>=50%
FB195T0068-A3A7AA1XKF1-A001L000	SCC	>=50%
F181129164893-CLN-KY665	SCC	>=50%
F181212168740-Ge-CLN	SCC	>=50%
F181123163272-Ge-CLN	SCC	>=50%
FB196M0282-A3A7C17XKF1-A002L000	SCC	>=50%
FB196R0316-A3A7C11XKF1-A002L000	SCC	>=50%
F190510210628-Ge-CLN	SCC	>=50%
FA195A0040-A3A7AA6XBF1-A001L000	SCC	>=50%
FB196T0234-A3A7AA2XKF1-A001L000	SCC	>=50%
F190418203513-CLN	SCC	>=50%
F190508209488-CLN-K736	SCC	>=50%
F190411200917-Ge-CLN	SCC	>=50%
F181127164249-Ge-CLN	SCC	>=50%
F181216170244-Ge-CLN	SCC	>=50%
FC195M0080-A3A7AA8XBF1-A001L000	SCC	>=50%
FB196D0133-A3A7AA3XKF1-A001L000K736K764	SCC	>=50%
FB196N0034-A3A7AA1XKF1-A001L000	SCC	>=50%
FB196R0245-A3A7AA1XKF1-A001L000K736	SCC	>=50%
F190508209373-CLN	SCC	>=50%
F190323195854-CLN-K736	SCC	>=50%
F190113178013-Ge-CLN	SCC	>=50%
